,non-toxic,toxic
0,0.58,0.42
1,0.55,0.45
2,0.62,0.38
3,0.66,0.34
4,0.68,0.32
5,0.57,0.43
6,0.64,0.36
7,0.64,0.36
8,0.61,0.39
9,0.66,0.34
10,0.62,0.38
11,0.63,0.37
12,0.67,0.33
13,0.61,0.39
14,0.62,0.38
15,0.64,0.36
16,0.64,0.36
17,0.67,0.33
18,0.6,0.4
19,0.64,0.36
20,0.64,0.36
21,0.65,0.35
22,0.64,0.36
23,0.63,0.37
24,0.64,0.36
25,0.68,0.32
26,0.68,0.32
27,0.6,0.4
28,0.68,0.32
29,0.63,0.37
30,0.53,0.47
31,0.65,0.35
32,0.61,0.39
33,0.65,0.35
34,0.64,0.36
35,0.6,0.4
36,0.65,0.35
37,0.6,0.4
38,0.63,0.37
39,0.63,0.37
40,0.63,0.37
41,0.67,0.33
42,0.66,0.34
43,0.61,0.39
44,0.68,0.32
45,0.67,0.33
46,0.68,0.32
47,0.68,0.32
48,0.65,0.35
49,0.68,0.32
50,0.64,0.36
51,0.59,0.41
52,0.65,0.35
53,0.62,0.38
54,0.7,0.3
55,0.69,0.31
56,0.62,0.38
57,0.59,0.41
58,0.59,0.41
59,0.58,0.42
60,0.57,0.43
61,0.62,0.38
62,0.64,0.36
63,0.67,0.33
64,0.63,0.37
65,0.63,0.37
66,0.69,0.31
67,0.55,0.45
68,0.59,0.41
69,0.63,0.37
70,0.65,0.35
71,0.64,0.36
72,0.59,0.41
73,0.66,0.34
74,0.64,0.36
75,0.64,0.36
76,0.64,0.36
77,0.66,0.34
78,0.67,0.33
79,0.63,0.37
80,0.6,0.4
81,0.67,0.33
82,0.58,0.42
83,0.66,0.34
84,0.6,0.4
85,0.66,0.34
86,0.61,0.39
87,0.62,0.38
88,0.65,0.35
89,0.6,0.4
90,0.68,0.32
91,0.7,0.3
92,0.63,0.37
93,0.68,0.32
94,0.65,0.35
95,0.6,0.4
96,0.63,0.37
97,0.58,0.42
98,0.63,0.37
99,0.62,0.38
100,0.62,0.38
101,0.6,0.4
102,0.6,0.4
103,0.7,0.3
104,0.59,0.41
105,0.63,0.37
106,0.64,0.36
107,0.64,0.36
108,0.62,0.38
109,0.64,0.36
110,0.61,0.39
111,0.65,0.35
112,0.61,0.39
113,0.63,0.37
114,0.65,0.35
115,0.63,0.37
116,0.65,0.35
117,0.62,0.38
118,0.66,0.34
119,0.62,0.38
120,0.61,0.39
121,0.69,0.31
122,0.65,0.35
123,0.64,0.36
124,0.68,0.32
125,0.66,0.34
126,0.65,0.35
127,0.64,0.36
128,0.56,0.44
129,0.63,0.37
130,0.61,0.39
131,0.63,0.37
132,0.63,0.37
133,0.64,0.36
134,0.67,0.33
135,0.63,0.37
136,0.62,0.38
137,0.7,0.3
138,0.6,0.4
139,0.6,0.4
140,0.61,0.39
141,0.66,0.34
142,0.67,0.33
143,0.65,0.35
144,0.58,0.42
145,0.67,0.33
146,0.61,0.39
147,0.63,0.37
148,0.64,0.36
149,0.61,0.39
150,0.67,0.33
151,0.66,0.34
152,0.6,0.4
153,0.6,0.4
154,0.61,0.39
155,0.64,0.36
156,0.58,0.42
157,0.62,0.38
158,0.64,0.36
159,0.62,0.38
160,0.64,0.36
161,0.59,0.41
162,0.65,0.35
163,0.64,0.36
164,0.66,0.34
165,0.61,0.39
166,0.63,0.37
167,0.59,0.41
168,0.64,0.36
169,0.61,0.39
170,0.61,0.39
171,0.61,0.39
172,0.67,0.33
173,0.63,0.37
174,0.66,0.34
175,0.66,0.34
176,0.65,0.35
177,0.62,0.38
178,0.66,0.34
179,0.69,0.31
180,0.65,0.35
181,0.63,0.37
182,0.63,0.37
183,0.69,0.31
184,0.65,0.35
185,0.62,0.38
186,0.65,0.35
187,0.62,0.38
188,0.6,0.4
189,0.64,0.36
190,0.52,0.48
191,0.6,0.4
192,0.63,0.37
193,0.66,0.34
194,0.65,0.35
195,0.63,0.37
196,0.63,0.37
197,0.64,0.36
198,0.65,0.35
199,0.65,0.35
200,0.68,0.32
201,0.59,0.41
202,0.67,0.33
203,0.6,0.4
204,0.6,0.4
205,0.66,0.34
206,0.71,0.29
207,0.6,0.4
208,0.66,0.34
209,0.66,0.34
210,0.65,0.35
211,0.64,0.36
212,0.68,0.32
213,0.63,0.37
214,0.63,0.37
215,0.65,0.35
216,0.64,0.36
217,0.69,0.31
218,0.63,0.37
219,0.67,0.33
220,0.63,0.37
221,0.65,0.35
222,0.62,0.38
223,0.61,0.39
224,0.65,0.35
225,0.66,0.34
226,0.68,0.32
227,0.6,0.4
228,0.64,0.36
229,0.55,0.45
230,0.63,0.37
231,0.64,0.36
232,0.66,0.34
233,0.62,0.38
234,0.62,0.38
235,0.7,0.3
236,0.63,0.37
237,0.67,0.33
238,0.61,0.39
239,0.64,0.36
240,0.61,0.39
241,0.63,0.37
242,0.62,0.38
243,0.64,0.36
244,0.6,0.4
245,0.61,0.39
246,0.64,0.36
247,0.6,0.4
248,0.61,0.39
249,0.62,0.38
250,0.62,0.38
251,0.6,0.4
252,0.66,0.34
253,0.66,0.34
254,0.69,0.31
255,0.57,0.43
256,0.61,0.39
257,0.66,0.34
258,0.64,0.36
259,0.6,0.4
260,0.61,0.39
261,0.61,0.39
262,0.63,0.37
263,0.63,0.37
264,0.6,0.4
265,0.67,0.33
266,0.65,0.35
267,0.62,0.38
268,0.6,0.4
269,0.64,0.36
270,0.61,0.39
271,0.64,0.36
272,0.64,0.36
273,0.53,0.47
274,0.63,0.37
275,0.66,0.34
276,0.63,0.37
277,0.66,0.34
278,0.67,0.33
279,0.52,0.48
280,0.61,0.39
281,0.62,0.38
282,0.66,0.34
283,0.68,0.32
284,0.6,0.4
285,0.66,0.34
286,0.65,0.35
287,0.65,0.35
288,0.67,0.33
289,0.69,0.31
290,0.7,0.3
291,0.6,0.4
292,0.62,0.38
293,0.62,0.38
294,0.69,0.31
295,0.62,0.38
296,0.68,0.32
297,0.65,0.35
298,0.64,0.36
299,0.69,0.31
300,0.66,0.34
301,0.67,0.33
302,0.63,0.37
303,0.57,0.43
304,0.63,0.37
305,0.66,0.34
306,0.69,0.31
307,0.67,0.33
308,0.61,0.39
309,0.58,0.42
310,0.66,0.34
311,0.64,0.36
312,0.62,0.38
313,0.63,0.37
314,0.61,0.39
315,0.64,0.36
316,0.64,0.36
317,0.66,0.34
318,0.7,0.3
319,0.61,0.39
320,0.62,0.38
321,0.64,0.36
322,0.69,0.31
323,0.61,0.39
324,0.64,0.36
325,0.64,0.36
326,0.6,0.4
327,0.65,0.35
328,0.65,0.35
329,0.63,0.37
330,0.59,0.41
331,0.65,0.35
332,0.6,0.4
333,0.67,0.33
334,0.62,0.38
335,0.67,0.33
336,0.66,0.34
337,0.66,0.34
338,0.6,0.4
339,0.58,0.42
340,0.62,0.38
341,0.66,0.34
342,0.58,0.42
343,0.62,0.38
344,0.68,0.32
345,0.69,0.31
346,0.64,0.36
347,0.65,0.35
348,0.68,0.32
349,0.61,0.39
350,0.62,0.38
351,0.61,0.39
352,0.62,0.38
353,0.64,0.36
354,0.65,0.35
355,0.64,0.36
356,0.67,0.33
357,0.47,0.53
358,0.67,0.33
359,0.69,0.31
360,0.64,0.36
361,0.61,0.39
362,0.61,0.39
363,0.64,0.36
364,0.67,0.33
365,0.56,0.44
366,0.69,0.31
367,0.69,0.31
368,0.63,0.37
369,0.59,0.41
370,0.66,0.34
371,0.59,0.41
372,0.63,0.37
373,0.64,0.36
374,0.64,0.36
375,0.64,0.36
376,0.61,0.39
377,0.69,0.31
378,0.62,0.38
379,0.64,0.36
380,0.65,0.35
381,0.66,0.34
382,0.6,0.4
383,0.58,0.42
384,0.63,0.37
385,0.61,0.39
386,0.63,0.37
387,0.65,0.35
388,0.58,0.42
389,0.62,0.38
390,0.63,0.37
391,0.63,0.37
392,0.63,0.37
393,0.67,0.33
394,0.61,0.39
395,0.63,0.37
396,0.61,0.39
397,0.62,0.38
398,0.64,0.36
399,0.68,0.32
400,0.65,0.35
401,0.63,0.37
402,0.64,0.36
403,0.59,0.41
404,0.66,0.34
405,0.62,0.38
406,0.7,0.3
407,0.57,0.43
408,0.64,0.36
409,0.55,0.45
410,0.63,0.37
411,0.66,0.34
412,0.55,0.45
413,0.65,0.35
414,0.67,0.33
415,0.64,0.36
416,0.69,0.31
417,0.63,0.37
418,0.62,0.38
419,0.63,0.37
420,0.64,0.36
421,0.69,0.31
422,0.66,0.34
423,0.57,0.43
424,0.61,0.39
425,0.62,0.38
426,0.65,0.35
427,0.68,0.32
428,0.7,0.3
429,0.63,0.37
430,0.57,0.43
431,0.65,0.35
432,0.64,0.36
433,0.67,0.33
434,0.62,0.38
435,0.58,0.42
436,0.62,0.38
437,0.62,0.38
438,0.64,0.36
439,0.66,0.34
440,0.61,0.39
441,0.59,0.41
442,0.62,0.38
443,0.58,0.42
444,0.62,0.38
445,0.63,0.37
446,0.61,0.39
447,0.62,0.38
448,0.64,0.36
449,0.64,0.36
450,0.64,0.36
451,0.64,0.36
452,0.62,0.38
453,0.57,0.43
454,0.61,0.39
455,0.56,0.44
456,0.63,0.37
457,0.6,0.4
458,0.66,0.34
459,0.67,0.33
460,0.65,0.35
461,0.57,0.43
462,0.64,0.36
463,0.67,0.33
464,0.68,0.32
465,0.63,0.37
466,0.6,0.4
467,0.63,0.37
468,0.62,0.38
469,0.65,0.35
470,0.59,0.41
471,0.6,0.4
472,0.61,0.39
473,0.59,0.41
474,0.61,0.39
475,0.61,0.39
476,0.67,0.33
477,0.63,0.37
478,0.65,0.35
479,0.64,0.36
480,0.63,0.37
481,0.62,0.38
482,0.64,0.36
483,0.66,0.34
484,0.66,0.34
485,0.64,0.36
486,0.53,0.47
487,0.63,0.37
488,0.62,0.38
489,0.62,0.38
490,0.63,0.37
491,0.65,0.35
492,0.62,0.38
493,0.62,0.38
494,0.65,0.35
495,0.61,0.39
496,0.64,0.36
497,0.67,0.33
498,0.61,0.39
499,0.66,0.34
500,0.6,0.4
501,0.63,0.37
502,0.61,0.39
503,0.62,0.38
504,0.69,0.31
505,0.58,0.42
506,0.64,0.36
507,0.56,0.44
508,0.61,0.39
509,0.66,0.34
510,0.63,0.37
511,0.68,0.32
512,0.67,0.33
513,0.64,0.36
514,0.59,0.41
515,0.69,0.31
516,0.62,0.38
517,0.68,0.32
518,0.67,0.33
519,0.62,0.38
520,0.63,0.37
521,0.63,0.37
522,0.61,0.39
523,0.7,0.3
524,0.65,0.35
525,0.68,0.32
526,0.64,0.36
527,0.62,0.38
528,0.64,0.36
529,0.63,0.37
530,0.65,0.35
531,0.69,0.31
532,0.64,0.36
533,0.55,0.45
534,0.63,0.37
535,0.62,0.38
536,0.69,0.31
537,0.63,0.37
538,0.62,0.38
539,0.61,0.39
540,0.72,0.28
541,0.63,0.37
542,0.63,0.37
543,0.7,0.3
544,0.65,0.35
545,0.69,0.31
546,0.72,0.28
547,0.63,0.37
548,0.61,0.39
549,0.61,0.39
550,0.65,0.35
551,0.63,0.37
552,0.67,0.33
553,0.64,0.36
554,0.62,0.38
555,0.63,0.37
556,0.66,0.34
557,0.63,0.37
558,0.63,0.37
559,0.59,0.41
560,0.66,0.34
561,0.57,0.43
562,0.63,0.37
563,0.65,0.35
564,0.61,0.39
565,0.65,0.35
566,0.68,0.32
567,0.67,0.33
568,0.62,0.38
569,0.67,0.33
570,0.63,0.37
571,0.65,0.35
572,0.55,0.45
573,0.6,0.4
574,0.63,0.37
575,0.59,0.41
576,0.65,0.35
577,0.61,0.39
578,0.62,0.38
579,0.68,0.32
580,0.62,0.38
581,0.64,0.36
582,0.65,0.35
583,0.67,0.33
584,0.61,0.39
585,0.63,0.37
586,0.66,0.34
587,0.65,0.35
588,0.63,0.37
589,0.64,0.36
590,0.7,0.3
591,0.65,0.35
592,0.65,0.35
593,0.64,0.36
594,0.63,0.37
595,0.6,0.4
596,0.59,0.41
597,0.61,0.39
598,0.62,0.38
599,0.68,0.32
600,0.69,0.31
601,0.69,0.31
602,0.64,0.36
603,0.65,0.35
604,0.6,0.4
605,0.61,0.39
606,0.57,0.43
607,0.68,0.32
608,0.67,0.33
609,0.56,0.44
610,0.68,0.32
611,0.67,0.33
612,0.57,0.43
613,0.6,0.4
614,0.65,0.35
615,0.67,0.33
616,0.63,0.37
617,0.65,0.35
618,0.68,0.32
619,0.62,0.38
620,0.62,0.38
621,0.55,0.45
622,0.6,0.4
623,0.69,0.31
624,0.63,0.37
625,0.59,0.41
626,0.61,0.39
627,0.64,0.36
628,0.64,0.36
629,0.6,0.4
630,0.64,0.36
631,0.66,0.34
632,0.66,0.34
633,0.6,0.4
634,0.61,0.39
635,0.61,0.39
636,0.62,0.38
637,0.6,0.4
638,0.65,0.35
639,0.61,0.39
640,0.62,0.38
641,0.59,0.41
642,0.65,0.35
643,0.58,0.42
644,0.59,0.41
645,0.59,0.41
646,0.6,0.4
647,0.64,0.36
648,0.66,0.34
649,0.64,0.36
650,0.6,0.4
651,0.63,0.37
652,0.63,0.37
653,0.67,0.33
654,0.67,0.33
655,0.63,0.37
656,0.64,0.36
657,0.68,0.32
658,0.62,0.38
659,0.64,0.36
660,0.59,0.41
661,0.66,0.34
662,0.64,0.36
663,0.59,0.41
664,0.63,0.37
665,0.64,0.36
666,0.58,0.42
667,0.64,0.36
668,0.63,0.37
669,0.61,0.39
670,0.6,0.4
671,0.56,0.44
672,0.64,0.36
673,0.59,0.41
674,0.64,0.36
675,0.6,0.4
676,0.61,0.39
677,0.63,0.37
678,0.63,0.37
679,0.63,0.37
680,0.64,0.36
681,0.67,0.33
682,0.7,0.3
683,0.65,0.35
684,0.62,0.38
685,0.61,0.39
686,0.57,0.43
687,0.63,0.37
688,0.65,0.35
689,0.59,0.41
690,0.66,0.34
691,0.63,0.37
692,0.69,0.31
693,0.64,0.36
694,0.66,0.34
695,0.62,0.38
696,0.61,0.39
697,0.69,0.31
698,0.56,0.44
699,0.57,0.43
700,0.66,0.34
701,0.66,0.34
702,0.67,0.33
703,0.68,0.32
704,0.62,0.38
705,0.58,0.42
706,0.67,0.33
707,0.61,0.39
708,0.66,0.34
709,0.7,0.3
710,0.66,0.34
711,0.67,0.33
712,0.62,0.38
713,0.68,0.32
714,0.61,0.39
715,0.69,0.31
716,0.6,0.4
717,0.63,0.37
718,0.63,0.37
719,0.58,0.42
720,0.64,0.36
721,0.59,0.41
722,0.64,0.36
723,0.57,0.43
724,0.68,0.32
725,0.58,0.42
726,0.63,0.37
727,0.66,0.34
728,0.68,0.32
729,0.63,0.37
730,0.64,0.36
731,0.67,0.33
732,0.65,0.35
733,0.67,0.33
734,0.64,0.36
735,0.66,0.34
736,0.64,0.36
737,0.66,0.34
738,0.64,0.36
739,0.63,0.37
740,0.58,0.42
741,0.61,0.39
742,0.61,0.39
743,0.65,0.35
744,0.63,0.37
745,0.67,0.33
746,0.63,0.37
747,0.58,0.42
748,0.61,0.39
749,0.64,0.36
750,0.66,0.34
751,0.6,0.4
752,0.66,0.34
753,0.67,0.33
754,0.61,0.39
755,0.65,0.35
756,0.58,0.42
757,0.57,0.43
758,0.62,0.38
759,0.63,0.37
760,0.62,0.38
761,0.62,0.38
762,0.67,0.33
763,0.62,0.38
764,0.69,0.31
765,0.68,0.32
766,0.62,0.38
767,0.6,0.4
768,0.59,0.41
769,0.57,0.43
770,0.59,0.41
771,0.63,0.37
772,0.62,0.38
773,0.59,0.41
774,0.65,0.35
775,0.63,0.37
776,0.63,0.37
777,0.64,0.36
778,0.66,0.34
779,0.62,0.38
780,0.64,0.36
781,0.63,0.37
782,0.66,0.34
783,0.63,0.37
784,0.66,0.34
785,0.69,0.31
786,0.55,0.45
787,0.63,0.37
788,0.64,0.36
789,0.64,0.36
790,0.64,0.36
791,0.61,0.39
792,0.63,0.37
793,0.59,0.41
794,0.6,0.4
795,0.67,0.33
796,0.61,0.39
797,0.63,0.37
798,0.64,0.36
799,0.63,0.37
800,0.59,0.41
801,0.65,0.35
802,0.6,0.4
803,0.68,0.32
804,0.63,0.37
805,0.65,0.35
806,0.68,0.32
807,0.62,0.38
808,0.62,0.38
809,0.61,0.39
810,0.63,0.37
811,0.59,0.41
812,0.61,0.39
813,0.64,0.36
814,0.64,0.36
815,0.63,0.37
816,0.62,0.38
817,0.62,0.38
818,0.63,0.37
819,0.59,0.41
820,0.65,0.35
821,0.63,0.37
822,0.62,0.38
823,0.61,0.39
824,0.62,0.38
825,0.6,0.4
826,0.63,0.37
827,0.58,0.42
828,0.68,0.32
829,0.65,0.35
830,0.69,0.31
831,0.57,0.43
832,0.65,0.35
833,0.65,0.35
834,0.6,0.4
835,0.65,0.35
836,0.66,0.34
837,0.59,0.41
838,0.67,0.33
839,0.61,0.39
840,0.62,0.38
841,0.63,0.37
842,0.58,0.42
843,0.59,0.41
844,0.65,0.35
845,0.64,0.36
846,0.56,0.44
847,0.67,0.33
848,0.63,0.37
849,0.68,0.32
850,0.57,0.43
851,0.59,0.41
852,0.62,0.38
853,0.64,0.36
854,0.58,0.42
855,0.63,0.37
856,0.62,0.38
857,0.62,0.38
858,0.64,0.36
859,0.67,0.33
860,0.65,0.35
861,0.62,0.38
862,0.68,0.32
863,0.67,0.33
864,0.65,0.35
865,0.61,0.39
866,0.57,0.43
867,0.64,0.36
868,0.65,0.35
869,0.62,0.38
870,0.58,0.42
871,0.69,0.31
872,0.63,0.37
873,0.61,0.39
874,0.65,0.35
875,0.63,0.37
876,0.64,0.36
877,0.64,0.36
878,0.63,0.37
879,0.62,0.38
880,0.65,0.35
881,0.64,0.36
882,0.62,0.38
883,0.67,0.33
884,0.62,0.38
885,0.67,0.33
886,0.6,0.4
887,0.6,0.4
888,0.61,0.39
889,0.67,0.33
890,0.67,0.33
891,0.65,0.35
892,0.66,0.34
893,0.63,0.37
894,0.64,0.36
895,0.64,0.36
896,0.63,0.37
897,0.63,0.37
898,0.68,0.32
899,0.64,0.36
900,0.69,0.31
901,0.68,0.32
902,0.67,0.33
903,0.65,0.35
904,0.62,0.38
905,0.65,0.35
906,0.58,0.42
907,0.61,0.39
908,0.62,0.38
909,0.61,0.39
910,0.69,0.31
911,0.62,0.38
912,0.66,0.34
913,0.6,0.4
914,0.63,0.37
915,0.58,0.42
916,0.71,0.29
917,0.66,0.34
918,0.65,0.35
919,0.63,0.37
920,0.58,0.42
921,0.6,0.4
922,0.64,0.36
923,0.66,0.34
924,0.63,0.37
925,0.67,0.33
926,0.62,0.38
927,0.63,0.37
928,0.64,0.36
929,0.67,0.33
930,0.64,0.36
931,0.6,0.4
932,0.63,0.37
933,0.67,0.33
934,0.62,0.38
935,0.64,0.36
936,0.68,0.32
937,0.64,0.36
938,0.67,0.33
939,0.65,0.35
940,0.64,0.36
941,0.62,0.38
942,0.62,0.38
943,0.68,0.32
944,0.64,0.36
945,0.62,0.38
946,0.62,0.38
947,0.62,0.38
948,0.64,0.36
949,0.62,0.38
950,0.66,0.34
951,0.68,0.32
952,0.64,0.36
953,0.63,0.37
954,0.54,0.46
955,0.67,0.33
956,0.6,0.4
957,0.62,0.38
958,0.65,0.35
959,0.59,0.41
960,0.66,0.34
961,0.62,0.38
962,0.64,0.36
963,0.61,0.39
964,0.6,0.4
965,0.65,0.35
966,0.63,0.37
967,0.69,0.31
968,0.63,0.37
969,0.67,0.33
970,0.65,0.35
971,0.63,0.37
972,0.64,0.36
973,0.64,0.36
974,0.64,0.36
975,0.61,0.39
976,0.68,0.32
977,0.7,0.3
978,0.64,0.36
979,0.57,0.43
980,0.59,0.41
981,0.62,0.38
982,0.69,0.31
983,0.66,0.34
984,0.62,0.38
985,0.64,0.36
986,0.65,0.35
987,0.61,0.39
988,0.62,0.38
989,0.65,0.35
990,0.67,0.33
991,0.67,0.33
992,0.6,0.4
993,0.64,0.36
994,0.62,0.38
995,0.61,0.39
996,0.66,0.34
997,0.6,0.4
998,0.64,0.36
999,0.63,0.37
1000,0.61,0.39
1001,0.58,0.42
1002,0.57,0.43
1003,0.64,0.36
1004,0.65,0.35
1005,0.67,0.33
1006,0.64,0.36
1007,0.62,0.38
1008,0.6,0.4
1009,0.64,0.36
1010,0.59,0.41
1011,0.64,0.36
1012,0.6,0.4
1013,0.59,0.41
1014,0.6,0.4
1015,0.62,0.38
1016,0.61,0.39
1017,0.63,0.37
1018,0.61,0.39
1019,0.65,0.35
1020,0.62,0.38
1021,0.62,0.38
1022,0.54,0.46
1023,0.68,0.32
1024,0.63,0.37
1025,0.64,0.36
1026,0.6,0.4
1027,0.62,0.38
1028,0.65,0.35
1029,0.67,0.33
1030,0.7,0.3
1031,0.66,0.34
1032,0.61,0.39
1033,0.61,0.39
1034,0.68,0.32
1035,0.58,0.42
1036,0.59,0.41
1037,0.62,0.38
1038,0.62,0.38
1039,0.58,0.42
1040,0.57,0.43
1041,0.65,0.35
1042,0.62,0.38
1043,0.59,0.41
1044,0.6,0.4
1045,0.64,0.36
1046,0.65,0.35
1047,0.63,0.37
1048,0.55,0.45
1049,0.6,0.4
1050,0.6,0.4
1051,0.64,0.36
1052,0.64,0.36
1053,0.67,0.33
1054,0.7,0.3
1055,0.66,0.34
1056,0.63,0.37
1057,0.66,0.34
1058,0.66,0.34
1059,0.59,0.41
1060,0.68,0.32
1061,0.62,0.38
1062,0.61,0.39
1063,0.63,0.37
1064,0.65,0.35
1065,0.64,0.36
1066,0.66,0.34
1067,0.64,0.36
1068,0.68,0.32
1069,0.69,0.31
1070,0.7,0.3
1071,0.68,0.32
1072,0.68,0.32
1073,0.67,0.33
1074,0.61,0.39
1075,0.62,0.38
1076,0.63,0.37
1077,0.63,0.37
1078,0.69,0.31
1079,0.65,0.35
1080,0.67,0.33
1081,0.63,0.37
1082,0.66,0.34
1083,0.64,0.36
1084,0.63,0.37
1085,0.62,0.38
1086,0.58,0.42
1087,0.68,0.32
1088,0.63,0.37
1089,0.63,0.37
1090,0.62,0.38
1091,0.68,0.32
1092,0.61,0.39
1093,0.64,0.36
1094,0.61,0.39
1095,0.64,0.36
1096,0.6,0.4
1097,0.61,0.39
1098,0.61,0.39
1099,0.65,0.35
1100,0.66,0.34
1101,0.62,0.38
1102,0.63,0.37
1103,0.67,0.33
1104,0.67,0.33
1105,0.62,0.38
1106,0.64,0.36
1107,0.65,0.35
1108,0.59,0.41
1109,0.56,0.44
1110,0.69,0.31
1111,0.62,0.38
1112,0.68,0.32
1113,0.6,0.4
1114,0.59,0.41
1115,0.63,0.37
1116,0.67,0.33
1117,0.54,0.46
1118,0.62,0.38
1119,0.62,0.38
1120,0.59,0.41
1121,0.61,0.39
1122,0.64,0.36
1123,0.65,0.35
1124,0.56,0.44
1125,0.68,0.32
1126,0.63,0.37
1127,0.59,0.41
1128,0.66,0.34
1129,0.64,0.36
1130,0.68,0.32
1131,0.59,0.41
1132,0.62,0.38
1133,0.66,0.34
1134,0.67,0.33
1135,0.57,0.43
1136,0.66,0.34
1137,0.63,0.37
1138,0.62,0.38
1139,0.66,0.34
1140,0.64,0.36
1141,0.62,0.38
1142,0.65,0.35
1143,0.61,0.39
1144,0.64,0.36
1145,0.62,0.38
1146,0.62,0.38
1147,0.65,0.35
1148,0.66,0.34
1149,0.64,0.36
1150,0.64,0.36
1151,0.65,0.35
1152,0.64,0.36
1153,0.62,0.38
1154,0.61,0.39
1155,0.62,0.38
1156,0.59,0.41
1157,0.58,0.42
1158,0.59,0.41
1159,0.64,0.36
1160,0.67,0.33
1161,0.62,0.38
1162,0.69,0.31
1163,0.59,0.41
1164,0.67,0.33
1165,0.62,0.38
1166,0.65,0.35
1167,0.58,0.42
1168,0.69,0.31
1169,0.63,0.37
1170,0.69,0.31
1171,0.64,0.36
1172,0.65,0.35
1173,0.61,0.39
1174,0.61,0.39
1175,0.67,0.33
1176,0.6,0.4
1177,0.65,0.35
1178,0.62,0.38
1179,0.6,0.4
1180,0.69,0.31
1181,0.63,0.37
1182,0.65,0.35
1183,0.59,0.41
1184,0.62,0.38
1185,0.64,0.36
1186,0.61,0.39
1187,0.51,0.49
1188,0.6,0.4
1189,0.56,0.44
1190,0.65,0.35
1191,0.65,0.35
1192,0.62,0.38
1193,0.66,0.34
1194,0.65,0.35
1195,0.64,0.36
1196,0.63,0.37
1197,0.63,0.37
1198,0.63,0.37
1199,0.7,0.3
1200,0.62,0.38
1201,0.66,0.34
1202,0.67,0.33
1203,0.68,0.32
1204,0.63,0.37
1205,0.62,0.38
1206,0.59,0.41
1207,0.63,0.37
1208,0.53,0.47
1209,0.63,0.37
1210,0.66,0.34
1211,0.52,0.48
1212,0.63,0.37
1213,0.64,0.36
1214,0.68,0.32
1215,0.63,0.37
1216,0.65,0.35
1217,0.65,0.35
1218,0.63,0.37
1219,0.65,0.35
1220,0.7,0.3
1221,0.66,0.34
1222,0.62,0.38
1223,0.62,0.38
1224,0.64,0.36
1225,0.64,0.36
1226,0.64,0.36
1227,0.63,0.37
1228,0.64,0.36
1229,0.68,0.32
1230,0.63,0.37
1231,0.63,0.37
1232,0.64,0.36
1233,0.69,0.31
1234,0.62,0.38
1235,0.63,0.37
1236,0.63,0.37
1237,0.67,0.33
1238,0.65,0.35
1239,0.62,0.38
1240,0.62,0.38
1241,0.58,0.42
1242,0.64,0.36
1243,0.67,0.33
1244,0.58,0.42
1245,0.61,0.39
1246,0.65,0.35
1247,0.61,0.39
1248,0.69,0.31
1249,0.66,0.34
1250,0.63,0.37
1251,0.62,0.38
1252,0.63,0.37
1253,0.61,0.39
1254,0.64,0.36
1255,0.62,0.38
1256,0.65,0.35
1257,0.61,0.39
1258,0.63,0.37
1259,0.59,0.41
1260,0.63,0.37
1261,0.57,0.43
1262,0.6,0.4
1263,0.69,0.31
1264,0.61,0.39
1265,0.67,0.33
1266,0.65,0.35
1267,0.57,0.43
1268,0.65,0.35
1269,0.66,0.34
1270,0.66,0.34
1271,0.62,0.38
1272,0.67,0.33
1273,0.66,0.34
1274,0.64,0.36
1275,0.64,0.36
1276,0.67,0.33
1277,0.57,0.43
1278,0.64,0.36
1279,0.68,0.32
1280,0.65,0.35
1281,0.6,0.4
1282,0.64,0.36
1283,0.54,0.46
1284,0.66,0.34
1285,0.67,0.33
1286,0.67,0.33
1287,0.63,0.37
1288,0.55,0.45
1289,0.65,0.35
1290,0.69,0.31
1291,0.64,0.36
1292,0.6,0.4
1293,0.61,0.39
1294,0.63,0.37
1295,0.62,0.38
1296,0.62,0.38
1297,0.62,0.38
1298,0.56,0.44
1299,0.69,0.31
1300,0.61,0.39
1301,0.62,0.38
1302,0.65,0.35
1303,0.62,0.38
1304,0.6,0.4
1305,0.63,0.37
1306,0.64,0.36
1307,0.64,0.36
1308,0.64,0.36
1309,0.62,0.38
1310,0.63,0.37
1311,0.67,0.33
1312,0.62,0.38
1313,0.64,0.36
1314,0.61,0.39
1315,0.68,0.32
1316,0.62,0.38
1317,0.66,0.34
1318,0.68,0.32
1319,0.63,0.37
1320,0.6,0.4
1321,0.63,0.37
1322,0.58,0.42
1323,0.64,0.36
1324,0.66,0.34
1325,0.63,0.37
1326,0.63,0.37
1327,0.64,0.36
1328,0.67,0.33
1329,0.61,0.39
1330,0.61,0.39
1331,0.61,0.39
1332,0.62,0.38
1333,0.61,0.39
1334,0.61,0.39
1335,0.61,0.39
1336,0.65,0.35
1337,0.61,0.39
1338,0.65,0.35
1339,0.64,0.36
1340,0.61,0.39
1341,0.65,0.35
1342,0.69,0.31
1343,0.65,0.35
1344,0.64,0.36
1345,0.66,0.34
1346,0.55,0.45
1347,0.61,0.39
1348,0.58,0.42
1349,0.63,0.37
1350,0.59,0.41
1351,0.63,0.37
1352,0.62,0.38
1353,0.65,0.35
1354,0.64,0.36
1355,0.59,0.41
1356,0.69,0.31
1357,0.65,0.35
1358,0.59,0.41
1359,0.65,0.35
1360,0.64,0.36
1361,0.63,0.37
1362,0.64,0.36
1363,0.63,0.37
1364,0.63,0.37
1365,0.62,0.38
1366,0.61,0.39
1367,0.62,0.38
1368,0.65,0.35
1369,0.62,0.38
1370,0.59,0.41
1371,0.63,0.37
1372,0.65,0.35
1373,0.6,0.4
1374,0.62,0.38
1375,0.65,0.35
1376,0.63,0.37
1377,0.66,0.34
1378,0.64,0.36
1379,0.62,0.38
1380,0.66,0.34
1381,0.63,0.37
1382,0.71,0.29
1383,0.68,0.32
1384,0.6,0.4
1385,0.67,0.33
1386,0.69,0.31
1387,0.6,0.4
1388,0.59,0.41
1389,0.6,0.4
1390,0.67,0.33
1391,0.66,0.34
1392,0.6,0.4
1393,0.62,0.38
1394,0.63,0.37
1395,0.62,0.38
1396,0.67,0.33
1397,0.58,0.42
1398,0.6,0.4
1399,0.64,0.36
1400,0.63,0.37
1401,0.69,0.31
1402,0.62,0.38
1403,0.59,0.41
1404,0.57,0.43
1405,0.65,0.35
1406,0.64,0.36
1407,0.63,0.37
1408,0.62,0.38
1409,0.68,0.32
1410,0.64,0.36
1411,0.64,0.36
1412,0.7,0.3
1413,0.63,0.37
1414,0.62,0.38
1415,0.66,0.34
1416,0.65,0.35
1417,0.64,0.36
1418,0.65,0.35
1419,0.61,0.39
1420,0.65,0.35
1421,0.61,0.39
1422,0.65,0.35
1423,0.56,0.44
1424,0.63,0.37
1425,0.62,0.38
1426,0.62,0.38
1427,0.58,0.42
1428,0.62,0.38
1429,0.64,0.36
1430,0.63,0.37
1431,0.63,0.37
1432,0.64,0.36
1433,0.65,0.35
1434,0.63,0.37
1435,0.65,0.35
1436,0.57,0.43
1437,0.63,0.37
1438,0.65,0.35
1439,0.64,0.36
1440,0.61,0.39
1441,0.63,0.37
1442,0.63,0.37
1443,0.61,0.39
1444,0.65,0.35
1445,0.61,0.39
1446,0.61,0.39
1447,0.62,0.38
1448,0.65,0.35
1449,0.69,0.31
1450,0.62,0.38
1451,0.64,0.36
1452,0.65,0.35
1453,0.63,0.37
1454,0.69,0.31
1455,0.7,0.3
1456,0.6,0.4
1457,0.71,0.29
1458,0.67,0.33
1459,0.64,0.36
1460,0.65,0.35
1461,0.64,0.36
1462,0.63,0.37
1463,0.66,0.34
1464,0.6,0.4
1465,0.66,0.34
1466,0.66,0.34
1467,0.63,0.37
1468,0.61,0.39
1469,0.67,0.33
1470,0.65,0.35
1471,0.6,0.4
1472,0.65,0.35
1473,0.67,0.33
1474,0.62,0.38
1475,0.6,0.4
1476,0.6,0.4
1477,0.62,0.38
1478,0.58,0.42
1479,0.62,0.38
1480,0.6,0.4
1481,0.66,0.34
1482,0.62,0.38
1483,0.64,0.36
1484,0.63,0.37
1485,0.63,0.37
1486,0.64,0.36
1487,0.69,0.31
1488,0.58,0.42
1489,0.67,0.33
1490,0.69,0.31
1491,0.65,0.35
1492,0.57,0.43
1493,0.64,0.36
1494,0.7,0.3
1495,0.69,0.31
1496,0.58,0.42
1497,0.54,0.46
1498,0.63,0.37
1499,0.66,0.34
1500,0.66,0.34
1501,0.62,0.38
1502,0.63,0.37
1503,0.64,0.36
1504,0.67,0.33
1505,0.62,0.38
1506,0.65,0.35
1507,0.65,0.35
1508,0.61,0.39
1509,0.63,0.37
1510,0.68,0.32
1511,0.64,0.36
1512,0.6,0.4
1513,0.65,0.35
1514,0.61,0.39
1515,0.66,0.34
1516,0.62,0.38
1517,0.63,0.37
1518,0.69,0.31
1519,0.64,0.36
1520,0.64,0.36
1521,0.65,0.35
1522,0.57,0.43
1523,0.68,0.32
1524,0.62,0.38
1525,0.65,0.35
1526,0.7,0.3
1527,0.58,0.42
1528,0.64,0.36
1529,0.6,0.4
1530,0.61,0.39
1531,0.64,0.36
1532,0.61,0.39
1533,0.61,0.39
1534,0.64,0.36
1535,0.63,0.37
1536,0.6,0.4
1537,0.66,0.34
1538,0.62,0.38
1539,0.66,0.34
1540,0.61,0.39
1541,0.65,0.35
1542,0.64,0.36
1543,0.62,0.38
1544,0.62,0.38
1545,0.65,0.35
1546,0.66,0.34
1547,0.58,0.42
1548,0.66,0.34
1549,0.71,0.29
1550,0.66,0.34
1551,0.62,0.38
1552,0.59,0.41
1553,0.58,0.42
1554,0.64,0.36
1555,0.69,0.31
1556,0.69,0.31
1557,0.66,0.34
1558,0.58,0.42
1559,0.62,0.38
1560,0.61,0.39
1561,0.67,0.33
1562,0.63,0.37
1563,0.67,0.33
1564,0.62,0.38
1565,0.61,0.39
1566,0.62,0.38
1567,0.62,0.38
1568,0.63,0.37
1569,0.7,0.3
1570,0.63,0.37
1571,0.64,0.36
1572,0.61,0.39
1573,0.63,0.37
1574,0.65,0.35
1575,0.67,0.33
1576,0.7,0.3
1577,0.64,0.36
1578,0.63,0.37
1579,0.63,0.37
1580,0.51,0.49
1581,0.57,0.43
1582,0.66,0.34
1583,0.62,0.38
1584,0.66,0.34
1585,0.65,0.35
1586,0.64,0.36
1587,0.66,0.34
1588,0.65,0.35
1589,0.6,0.4
1590,0.59,0.41
1591,0.62,0.38
1592,0.57,0.43
1593,0.56,0.44
1594,0.63,0.37
1595,0.58,0.42
1596,0.6,0.4
1597,0.62,0.38
1598,0.61,0.39
1599,0.65,0.35
1600,0.61,0.39
1601,0.65,0.35
1602,0.64,0.36
1603,0.6,0.4
1604,0.58,0.42
1605,0.62,0.38
1606,0.63,0.37
1607,0.66,0.34
1608,0.63,0.37
1609,0.64,0.36
1610,0.62,0.38
1611,0.65,0.35
1612,0.57,0.43
1613,0.66,0.34
1614,0.58,0.42
1615,0.68,0.32
1616,0.61,0.39
1617,0.65,0.35
1618,0.63,0.37
1619,0.64,0.36
1620,0.59,0.41
1621,0.67,0.33
1622,0.63,0.37
1623,0.6,0.4
1624,0.64,0.36
1625,0.71,0.29
1626,0.65,0.35
1627,0.65,0.35
1628,0.63,0.37
1629,0.63,0.37
1630,0.58,0.42
1631,0.63,0.37
1632,0.67,0.33
1633,0.66,0.34
1634,0.69,0.31
1635,0.68,0.32
1636,0.57,0.43
1637,0.63,0.37
1638,0.63,0.37
1639,0.69,0.31
1640,0.63,0.37
1641,0.65,0.35
1642,0.54,0.46
1643,0.63,0.37
1644,0.61,0.39
1645,0.63,0.37
1646,0.65,0.35
1647,0.62,0.38
1648,0.62,0.38
1649,0.6,0.4
1650,0.63,0.37
1651,0.63,0.37
1652,0.64,0.36
1653,0.61,0.39
1654,0.64,0.36
1655,0.61,0.39
1656,0.66,0.34
1657,0.62,0.38
1658,0.63,0.37
1659,0.69,0.31
1660,0.63,0.37
1661,0.57,0.43
1662,0.62,0.38
1663,0.62,0.38
1664,0.62,0.38
1665,0.66,0.34
1666,0.61,0.39
1667,0.66,0.34
1668,0.6,0.4
1669,0.62,0.38
1670,0.62,0.38
1671,0.6,0.4
1672,0.65,0.35
1673,0.64,0.36
1674,0.64,0.36
1675,0.63,0.37
1676,0.62,0.38
1677,0.63,0.37
1678,0.58,0.42
1679,0.66,0.34
1680,0.64,0.36
1681,0.59,0.41
1682,0.63,0.37
1683,0.62,0.38
1684,0.65,0.35
1685,0.63,0.37
1686,0.66,0.34
1687,0.63,0.37
1688,0.57,0.43
1689,0.69,0.31
1690,0.67,0.33
1691,0.64,0.36
1692,0.64,0.36
1693,0.65,0.35
1694,0.6,0.4
1695,0.56,0.44
1696,0.6,0.4
1697,0.65,0.35
1698,0.68,0.32
1699,0.64,0.36
1700,0.66,0.34
1701,0.63,0.37
1702,0.68,0.32
1703,0.64,0.36
1704,0.58,0.42
1705,0.61,0.39
1706,0.63,0.37
1707,0.65,0.35
1708,0.6,0.4
1709,0.61,0.39
1710,0.6,0.4
1711,0.63,0.37
1712,0.6,0.4
1713,0.7,0.3
1714,0.66,0.34
1715,0.61,0.39
1716,0.63,0.37
1717,0.61,0.39
1718,0.63,0.37
1719,0.67,0.33
1720,0.59,0.41
1721,0.65,0.35
1722,0.61,0.39
1723,0.6,0.4
1724,0.63,0.37
1725,0.63,0.37
1726,0.68,0.32
1727,0.58,0.42
1728,0.59,0.41
1729,0.67,0.33
1730,0.54,0.46
1731,0.71,0.29
1732,0.71,0.29
1733,0.62,0.38
1734,0.66,0.34
1735,0.57,0.43
1736,0.63,0.37
1737,0.69,0.31
1738,0.61,0.39
1739,0.62,0.38
1740,0.62,0.38
1741,0.58,0.42
1742,0.66,0.34
1743,0.64,0.36
1744,0.61,0.39
1745,0.68,0.32
1746,0.6,0.4
1747,0.56,0.44
1748,0.69,0.31
1749,0.67,0.33
1750,0.65,0.35
1751,0.63,0.37
1752,0.65,0.35
1753,0.67,0.33
1754,0.65,0.35
1755,0.69,0.31
1756,0.69,0.31
1757,0.6,0.4
1758,0.62,0.38
1759,0.68,0.32
1760,0.66,0.34
1761,0.66,0.34
1762,0.65,0.35
1763,0.62,0.38
1764,0.7,0.3
1765,0.6,0.4
1766,0.61,0.39
1767,0.62,0.38
1768,0.62,0.38
1769,0.63,0.37
1770,0.66,0.34
1771,0.61,0.39
1772,0.64,0.36
1773,0.63,0.37
1774,0.65,0.35
1775,0.59,0.41
1776,0.68,0.32
1777,0.59,0.41
1778,0.63,0.37
1779,0.63,0.37
1780,0.71,0.29
1781,0.64,0.36
1782,0.62,0.38
1783,0.63,0.37
1784,0.66,0.34
1785,0.68,0.32
1786,0.65,0.35
1787,0.62,0.38
1788,0.65,0.35
1789,0.61,0.39
1790,0.65,0.35
1791,0.65,0.35
1792,0.62,0.38
1793,0.63,0.37
1794,0.62,0.38
1795,0.6,0.4
1796,0.63,0.37
1797,0.67,0.33
1798,0.62,0.38
1799,0.68,0.32
1800,0.63,0.37
1801,0.64,0.36
1802,0.61,0.39
1803,0.61,0.39
1804,0.61,0.39
1805,0.62,0.38
1806,0.65,0.35
1807,0.63,0.37
1808,0.64,0.36
1809,0.6,0.4
1810,0.58,0.42
1811,0.65,0.35
1812,0.61,0.39
1813,0.64,0.36
1814,0.61,0.39
1815,0.65,0.35
1816,0.64,0.36
1817,0.64,0.36
1818,0.61,0.39
1819,0.6,0.4
1820,0.6,0.4
1821,0.67,0.33
1822,0.69,0.31
1823,0.62,0.38
1824,0.67,0.33
1825,0.69,0.31
1826,0.68,0.32
1827,0.65,0.35
1828,0.6,0.4
1829,0.58,0.42
1830,0.61,0.39
1831,0.64,0.36
1832,0.55,0.45
1833,0.63,0.37
1834,0.64,0.36
1835,0.63,0.37
1836,0.6,0.4
1837,0.7,0.3
1838,0.6,0.4
1839,0.64,0.36
1840,0.61,0.39
1841,0.62,0.38
1842,0.68,0.32
1843,0.63,0.37
1844,0.63,0.37
1845,0.68,0.32
1846,0.6,0.4
1847,0.66,0.34
1848,0.61,0.39
1849,0.6,0.4
1850,0.61,0.39
1851,0.67,0.33
1852,0.65,0.35
1853,0.71,0.29
1854,0.63,0.37
1855,0.62,0.38
1856,0.66,0.34
1857,0.64,0.36
1858,0.69,0.31
1859,0.63,0.37
1860,0.62,0.38
1861,0.61,0.39
1862,0.65,0.35
1863,0.59,0.41
1864,0.67,0.33
1865,0.6,0.4
1866,0.69,0.31
1867,0.6,0.4
1868,0.59,0.41
1869,0.64,0.36
1870,0.64,0.36
1871,0.59,0.41
1872,0.63,0.37
1873,0.62,0.38
1874,0.61,0.39
1875,0.64,0.36
1876,0.59,0.41
1877,0.63,0.37
1878,0.62,0.38
1879,0.64,0.36
1880,0.66,0.34
1881,0.67,0.33
1882,0.65,0.35
1883,0.59,0.41
1884,0.68,0.32
1885,0.62,0.38
1886,0.69,0.31
1887,0.58,0.42
1888,0.61,0.39
1889,0.62,0.38
1890,0.69,0.31
1891,0.61,0.39
1892,0.65,0.35
1893,0.62,0.38
1894,0.68,0.32
1895,0.67,0.33
1896,0.64,0.36
1897,0.62,0.38
1898,0.64,0.36
1899,0.6,0.4
1900,0.61,0.39
1901,0.66,0.34
1902,0.61,0.39
1903,0.62,0.38
1904,0.64,0.36
1905,0.62,0.38
1906,0.67,0.33
1907,0.63,0.37
1908,0.66,0.34
1909,0.53,0.47
1910,0.64,0.36
1911,0.57,0.43
1912,0.62,0.38
1913,0.56,0.44
1914,0.6,0.4
1915,0.66,0.34
1916,0.6,0.4
1917,0.62,0.38
1918,0.61,0.39
1919,0.66,0.34
1920,0.65,0.35
1921,0.67,0.33
1922,0.63,0.37
1923,0.64,0.36
1924,0.64,0.36
1925,0.71,0.29
1926,0.63,0.37
1927,0.59,0.41
1928,0.67,0.33
1929,0.66,0.34
1930,0.65,0.35
1931,0.66,0.34
1932,0.66,0.34
1933,0.67,0.33
1934,0.58,0.42
1935,0.62,0.38
1936,0.65,0.35
1937,0.56,0.44
1938,0.64,0.36
1939,0.59,0.41
1940,0.65,0.35
1941,0.62,0.38
1942,0.69,0.31
1943,0.64,0.36
1944,0.48,0.52
1945,0.63,0.37
1946,0.61,0.39
1947,0.64,0.36
1948,0.67,0.33
1949,0.6,0.4
1950,0.62,0.38
1951,0.66,0.34
1952,0.6,0.4
1953,0.63,0.37
1954,0.63,0.37
1955,0.65,0.35
1956,0.62,0.38
1957,0.59,0.41
1958,0.6,0.4
1959,0.71,0.29
1960,0.64,0.36
1961,0.66,0.34
1962,0.59,0.41
1963,0.64,0.36
1964,0.66,0.34
1965,0.65,0.35
1966,0.66,0.34
1967,0.63,0.37
1968,0.64,0.36
1969,0.54,0.46
1970,0.56,0.44
1971,0.63,0.37
1972,0.64,0.36
1973,0.61,0.39
1974,0.62,0.38
1975,0.69,0.31
1976,0.63,0.37
1977,0.57,0.43
1978,0.57,0.43
1979,0.63,0.37
1980,0.67,0.33
1981,0.63,0.37
1982,0.61,0.39
1983,0.61,0.39
1984,0.64,0.36
1985,0.61,0.39
1986,0.64,0.36
1987,0.65,0.35
1988,0.69,0.31
1989,0.61,0.39
1990,0.65,0.35
1991,0.6,0.4
1992,0.65,0.35
1993,0.63,0.37
1994,0.62,0.38
1995,0.58,0.42
1996,0.64,0.36
1997,0.62,0.38
1998,0.63,0.37
1999,0.69,0.31
2000,0.68,0.32
2001,0.59,0.41
2002,0.63,0.37
2003,0.64,0.36
2004,0.63,0.37
2005,0.71,0.29
2006,0.57,0.43
2007,0.58,0.42
2008,0.66,0.34
2009,0.62,0.38
2010,0.6,0.4
2011,0.6,0.4
2012,0.62,0.38
2013,0.61,0.39
2014,0.64,0.36
2015,0.61,0.39
2016,0.62,0.38
2017,0.62,0.38
2018,0.6,0.4
2019,0.64,0.36
2020,0.62,0.38
2021,0.64,0.36
2022,0.61,0.39
2023,0.63,0.37
2024,0.6,0.4
2025,0.63,0.37
2026,0.61,0.39
2027,0.63,0.37
2028,0.63,0.37
2029,0.58,0.42
2030,0.6,0.4
2031,0.63,0.37
2032,0.68,0.32
2033,0.66,0.34
2034,0.63,0.37
2035,0.61,0.39
2036,0.6,0.4
2037,0.58,0.42
2038,0.61,0.39
2039,0.61,0.39
2040,0.63,0.37
2041,0.59,0.41
2042,0.62,0.38
2043,0.63,0.37
2044,0.62,0.38
2045,0.62,0.38
2046,0.65,0.35
2047,0.62,0.38
2048,0.61,0.39
2049,0.61,0.39
2050,0.6,0.4
2051,0.61,0.39
2052,0.61,0.39
2053,0.64,0.36
2054,0.63,0.37
2055,0.65,0.35
2056,0.59,0.41
2057,0.7,0.3
2058,0.57,0.43
2059,0.64,0.36
2060,0.58,0.42
2061,0.62,0.38
2062,0.61,0.39
2063,0.6,0.4
2064,0.63,0.37
2065,0.65,0.35
2066,0.61,0.39
2067,0.63,0.37
2068,0.58,0.42
2069,0.61,0.39
2070,0.6,0.4
2071,0.58,0.42
2072,0.59,0.41
2073,0.63,0.37
2074,0.57,0.43
2075,0.65,0.35
2076,0.58,0.42
2077,0.66,0.34
2078,0.61,0.39
2079,0.61,0.39
2080,0.64,0.36
2081,0.62,0.38
2082,0.6,0.4
2083,0.62,0.38
2084,0.58,0.42
2085,0.59,0.41
2086,0.61,0.39
2087,0.64,0.36
2088,0.6,0.4
2089,0.64,0.36
2090,0.65,0.35
2091,0.63,0.37
2092,0.62,0.38
2093,0.67,0.33
2094,0.61,0.39
2095,0.63,0.37
2096,0.6,0.4
2097,0.64,0.36
2098,0.63,0.37
2099,0.6,0.4
2100,0.66,0.34
2101,0.64,0.36
2102,0.62,0.38
2103,0.62,0.38
2104,0.63,0.37
2105,0.62,0.38
2106,0.57,0.43
2107,0.62,0.38
2108,0.63,0.37
2109,0.64,0.36
2110,0.61,0.39
2111,0.63,0.37
2112,0.65,0.35
2113,0.59,0.41
2114,0.66,0.34
2115,0.62,0.38
2116,0.6,0.4
2117,0.65,0.35
2118,0.6,0.4
2119,0.66,0.34
2120,0.61,0.39
2121,0.65,0.35
2122,0.6,0.4
2123,0.59,0.41
2124,0.59,0.41
2125,0.61,0.39
2126,0.64,0.36
2127,0.59,0.41
2128,0.62,0.38
2129,0.6,0.4
2130,0.66,0.34
2131,0.63,0.37
2132,0.61,0.39
2133,0.63,0.37
2134,0.61,0.39
2135,0.65,0.35
2136,0.65,0.35
2137,0.62,0.38
2138,0.65,0.35
2139,0.64,0.36
2140,0.63,0.37
2141,0.6,0.4
2142,0.56,0.44
2143,0.63,0.37
2144,0.66,0.34
2145,0.67,0.33
2146,0.62,0.38
2147,0.57,0.43
2148,0.6,0.4
2149,0.64,0.36
2150,0.65,0.35
2151,0.65,0.35
2152,0.61,0.39
2153,0.62,0.38
2154,0.65,0.35
2155,0.63,0.37
2156,0.62,0.38
2157,0.62,0.38
2158,0.63,0.37
2159,0.57,0.43
2160,0.63,0.37
2161,0.67,0.33
2162,0.62,0.38
2163,0.59,0.41
2164,0.59,0.41
2165,0.59,0.41
2166,0.62,0.38
2167,0.63,0.37
2168,0.62,0.38
2169,0.59,0.41
2170,0.63,0.37
2171,0.62,0.38
2172,0.65,0.35
2173,0.59,0.41
2174,0.61,0.39
2175,0.64,0.36
2176,0.59,0.41
2177,0.62,0.38
2178,0.64,0.36
2179,0.63,0.37
2180,0.62,0.38
2181,0.61,0.39
2182,0.64,0.36
2183,0.69,0.31
2184,0.6,0.4
2185,0.6,0.4
2186,0.66,0.34
2187,0.6,0.4
2188,0.6,0.4
2189,0.61,0.39
2190,0.59,0.41
2191,0.59,0.41
2192,0.58,0.42
2193,0.6,0.4
2194,0.65,0.35
2195,0.58,0.42
2196,0.64,0.36
2197,0.67,0.33
2198,0.64,0.36
2199,0.63,0.37
2200,0.59,0.41
2201,0.63,0.37
2202,0.62,0.38
2203,0.61,0.39
2204,0.59,0.41
2205,0.62,0.38
2206,0.61,0.39
2207,0.6,0.4
2208,0.6,0.4
2209,0.61,0.39
2210,0.65,0.35
2211,0.61,0.39
2212,0.6,0.4
2213,0.58,0.42
2214,0.6,0.4
2215,0.61,0.39
2216,0.63,0.37
2217,0.62,0.38
2218,0.63,0.37
2219,0.59,0.41
2220,0.61,0.39
2221,0.6,0.4
2222,0.64,0.36
2223,0.61,0.39
2224,0.65,0.35
2225,0.61,0.39
2226,0.65,0.35
2227,0.64,0.36
2228,0.58,0.42
2229,0.61,0.39
2230,0.63,0.37
2231,0.64,0.36
2232,0.65,0.35
2233,0.63,0.37
2234,0.63,0.37
2235,0.59,0.41
2236,0.64,0.36
2237,0.6,0.4
2238,0.6,0.4
2239,0.61,0.39
2240,0.64,0.36
2241,0.63,0.37
2242,0.64,0.36
2243,0.61,0.39
2244,0.61,0.39
2245,0.59,0.41
2246,0.6,0.4
2247,0.6,0.4
2248,0.61,0.39
2249,0.59,0.41
2250,0.59,0.41
2251,0.64,0.36
2252,0.62,0.38
2253,0.6,0.4
2254,0.65,0.35
2255,0.64,0.36
2256,0.64,0.36
2257,0.61,0.39
2258,0.62,0.38
2259,0.6,0.4
2260,0.64,0.36
2261,0.62,0.38
2262,0.61,0.39
2263,0.62,0.38
2264,0.65,0.35
2265,0.63,0.37
2266,0.61,0.39
2267,0.6,0.4
2268,0.61,0.39
2269,0.61,0.39
2270,0.62,0.38
2271,0.64,0.36
2272,0.6,0.4
2273,0.6,0.4
2274,0.61,0.39
2275,0.62,0.38
2276,0.61,0.39
2277,0.63,0.37
2278,0.62,0.38
2279,0.62,0.38
2280,0.68,0.32
2281,0.64,0.36
2282,0.65,0.35
2283,0.64,0.36
2284,0.66,0.34
2285,0.64,0.36
2286,0.6,0.4
2287,0.65,0.35
2288,0.61,0.39
2289,0.57,0.43
2290,0.6,0.4
2291,0.6,0.4
2292,0.59,0.41
2293,0.64,0.36
2294,0.63,0.37
2295,0.59,0.41
2296,0.62,0.38
2297,0.67,0.33
2298,0.61,0.39
2299,0.6,0.4
2300,0.63,0.37
2301,0.62,0.38
2302,0.62,0.38
2303,0.56,0.44
2304,0.61,0.39
2305,0.6,0.4
2306,0.61,0.39
2307,0.58,0.42
2308,0.65,0.35
2309,0.62,0.38
2310,0.61,0.39
2311,0.65,0.35
2312,0.65,0.35
2313,0.62,0.38
2314,0.64,0.36
2315,0.61,0.39
2316,0.62,0.38
2317,0.63,0.37
2318,0.63,0.37
2319,0.61,0.39
2320,0.61,0.39
2321,0.61,0.39
2322,0.6,0.4
2323,0.61,0.39
2324,0.58,0.42
2325,0.62,0.38
2326,0.62,0.38
2327,0.62,0.38
2328,0.62,0.38
2329,0.61,0.39
2330,0.63,0.37
2331,0.61,0.39
2332,0.62,0.38
2333,0.6,0.4
2334,0.66,0.34
2335,0.57,0.43
2336,0.63,0.37
2337,0.63,0.37
2338,0.64,0.36
2339,0.61,0.39
2340,0.63,0.37
2341,0.61,0.39
2342,0.62,0.38
2343,0.62,0.38
2344,0.59,0.41
2345,0.59,0.41
2346,0.63,0.37
2347,0.63,0.37
2348,0.61,0.39
2349,0.59,0.41
2350,0.64,0.36
2351,0.66,0.34
2352,0.65,0.35
2353,0.61,0.39
2354,0.6,0.4
2355,0.64,0.36
2356,0.65,0.35
2357,0.57,0.43
2358,0.65,0.35
2359,0.6,0.4
2360,0.6,0.4
2361,0.6,0.4
2362,0.63,0.37
2363,0.63,0.37
2364,0.66,0.34
2365,0.62,0.38
2366,0.62,0.38
2367,0.61,0.39
2368,0.61,0.39
2369,0.6,0.4
2370,0.59,0.41
2371,0.62,0.38
2372,0.64,0.36
2373,0.62,0.38
2374,0.65,0.35
2375,0.6,0.4
2376,0.64,0.36
2377,0.59,0.41
2378,0.66,0.34
2379,0.62,0.38
2380,0.61,0.39
2381,0.62,0.38
2382,0.6,0.4
2383,0.62,0.38
2384,0.59,0.41
2385,0.62,0.38
2386,0.6,0.4
2387,0.63,0.37
2388,0.62,0.38
2389,0.62,0.38
2390,0.58,0.42
2391,0.64,0.36
2392,0.61,0.39
2393,0.61,0.39
2394,0.63,0.37
2395,0.65,0.35
2396,0.62,0.38
2397,0.63,0.37
2398,0.59,0.41
2399,0.66,0.34
2400,0.62,0.38
2401,0.59,0.41
2402,0.61,0.39
2403,0.62,0.38
2404,0.64,0.36
2405,0.66,0.34
2406,0.63,0.37
2407,0.62,0.38
2408,0.6,0.4
2409,0.6,0.4
2410,0.61,0.39
2411,0.59,0.41
2412,0.63,0.37
2413,0.61,0.39
2414,0.51,0.49
2415,0.61,0.39
2416,0.61,0.39
2417,0.61,0.39
2418,0.62,0.38
2419,0.6,0.4
2420,0.67,0.33
2421,0.62,0.38
2422,0.59,0.41
2423,0.59,0.41
2424,0.64,0.36
2425,0.64,0.36
2426,0.61,0.39
2427,0.67,0.33
2428,0.59,0.41
2429,0.63,0.37
2430,0.64,0.36
2431,0.58,0.42
2432,0.6,0.4
2433,0.63,0.37
2434,0.65,0.35
2435,0.59,0.41
2436,0.59,0.41
2437,0.6,0.4
2438,0.7,0.3
2439,0.6,0.4
2440,0.64,0.36
2441,0.66,0.34
2442,0.62,0.38
2443,0.61,0.39
2444,0.64,0.36
2445,0.6,0.4
2446,0.65,0.35
2447,0.63,0.37
2448,0.59,0.41
2449,0.63,0.37
2450,0.62,0.38
2451,0.62,0.38
2452,0.59,0.41
2453,0.63,0.37
2454,0.63,0.37
2455,0.64,0.36
2456,0.63,0.37
2457,0.64,0.36
2458,0.59,0.41
2459,0.6,0.4
2460,0.62,0.38
2461,0.57,0.43
2462,0.62,0.38
2463,0.58,0.42
2464,0.6,0.4
2465,0.66,0.34
2466,0.63,0.37
2467,0.6,0.4
2468,0.62,0.38
2469,0.58,0.42
2470,0.63,0.37
2471,0.57,0.43
2472,0.59,0.41
2473,0.6,0.4
2474,0.6,0.4
2475,0.61,0.39
2476,0.61,0.39
2477,0.66,0.34
2478,0.61,0.39
2479,0.64,0.36
2480,0.6,0.4
2481,0.63,0.37
2482,0.59,0.41
2483,0.6,0.4
2484,0.62,0.38
2485,0.61,0.39
2486,0.64,0.36
2487,0.65,0.35
2488,0.64,0.36
2489,0.65,0.35
2490,0.61,0.39
2491,0.62,0.38
2492,0.56,0.44
2493,0.6,0.4
2494,0.58,0.42
2495,0.61,0.39
2496,0.64,0.36
2497,0.6,0.4
2498,0.64,0.36
2499,0.65,0.35
2500,0.61,0.39
2501,0.61,0.39
2502,0.62,0.38
2503,0.6,0.4
2504,0.61,0.39
2505,0.62,0.38
2506,0.63,0.37
2507,0.65,0.35
2508,0.59,0.41
2509,0.6,0.4
2510,0.67,0.33
2511,0.65,0.35
2512,0.64,0.36
2513,0.64,0.36
2514,0.64,0.36
2515,0.62,0.38
2516,0.65,0.35
2517,0.61,0.39
2518,0.64,0.36
2519,0.6,0.4
2520,0.59,0.41
2521,0.61,0.39
2522,0.63,0.37
2523,0.61,0.39
2524,0.61,0.39
2525,0.62,0.38
2526,0.62,0.38
2527,0.6,0.4
2528,0.62,0.38
2529,0.61,0.39
2530,0.62,0.38
2531,0.62,0.38
2532,0.63,0.37
2533,0.64,0.36
2534,0.62,0.38
2535,0.64,0.36
2536,0.64,0.36
2537,0.65,0.35
2538,0.6,0.4
2539,0.62,0.38
2540,0.63,0.37
2541,0.64,0.36
2542,0.59,0.41
2543,0.61,0.39
2544,0.63,0.37
2545,0.6,0.4
2546,0.68,0.32
2547,0.61,0.39
2548,0.67,0.33
2549,0.58,0.42
2550,0.65,0.35
2551,0.61,0.39
2552,0.61,0.39
2553,0.65,0.35
2554,0.65,0.35
2555,0.64,0.36
2556,0.61,0.39
2557,0.6,0.4
2558,0.62,0.38
2559,0.65,0.35
2560,0.64,0.36
2561,0.64,0.36
2562,0.6,0.4
2563,0.62,0.38
2564,0.55,0.45
2565,0.59,0.41
2566,0.63,0.37
2567,0.62,0.38
2568,0.63,0.37
2569,0.63,0.37
2570,0.6,0.4
2571,0.63,0.37
2572,0.59,0.41
2573,0.62,0.38
2574,0.6,0.4
2575,0.62,0.38
2576,0.58,0.42
2577,0.59,0.41
2578,0.61,0.39
2579,0.64,0.36
2580,0.62,0.38
2581,0.62,0.38
2582,0.6,0.4
2583,0.63,0.37
2584,0.63,0.37
2585,0.61,0.39
2586,0.59,0.41
2587,0.61,0.39
2588,0.6,0.4
2589,0.64,0.36
2590,0.63,0.37
2591,0.61,0.39
2592,0.63,0.37
2593,0.63,0.37
2594,0.58,0.42
2595,0.63,0.37
2596,0.58,0.42
2597,0.61,0.39
2598,0.69,0.31
2599,0.63,0.37
2600,0.63,0.37
2601,0.65,0.35
2602,0.63,0.37
2603,0.61,0.39
2604,0.64,0.36
2605,0.64,0.36
2606,0.59,0.41
2607,0.62,0.38
2608,0.65,0.35
2609,0.63,0.37
2610,0.65,0.35
2611,0.61,0.39
2612,0.65,0.35
2613,0.59,0.41
2614,0.62,0.38
2615,0.62,0.38
2616,0.6,0.4
2617,0.58,0.42
2618,0.59,0.41
2619,0.64,0.36
2620,0.57,0.43
2621,0.63,0.37
2622,0.6,0.4
2623,0.64,0.36
2624,0.64,0.36
2625,0.62,0.38
2626,0.61,0.39
2627,0.65,0.35
2628,0.62,0.38
2629,0.64,0.36
2630,0.65,0.35
2631,0.6,0.4
2632,0.61,0.39
2633,0.61,0.39
2634,0.63,0.37
2635,0.61,0.39
2636,0.64,0.36
2637,0.62,0.38
2638,0.65,0.35
2639,0.61,0.39
2640,0.63,0.37
2641,0.59,0.41
2642,0.64,0.36
2643,0.61,0.39
2644,0.64,0.36
2645,0.62,0.38
2646,0.63,0.37
2647,0.67,0.33
2648,0.62,0.38
2649,0.64,0.36
2650,0.6,0.4
2651,0.63,0.37
2652,0.62,0.38
2653,0.65,0.35
2654,0.69,0.31
2655,0.64,0.36
2656,0.64,0.36
2657,0.62,0.38
2658,0.61,0.39
2659,0.65,0.35
2660,0.6,0.4
2661,0.66,0.34
2662,0.63,0.37
2663,0.66,0.34
2664,0.6,0.4
2665,0.6,0.4
2666,0.63,0.37
2667,0.66,0.34
2668,0.63,0.37
2669,0.64,0.36
2670,0.61,0.39
2671,0.63,0.37
2672,0.63,0.37
2673,0.61,0.39
2674,0.68,0.32
2675,0.64,0.36
2676,0.61,0.39
2677,0.6,0.4
2678,0.66,0.34
2679,0.63,0.37
2680,0.67,0.33
2681,0.6,0.4
2682,0.62,0.38
2683,0.61,0.39
2684,0.62,0.38
2685,0.66,0.34
2686,0.61,0.39
2687,0.63,0.37
2688,0.61,0.39
2689,0.6,0.4
2690,0.63,0.37
2691,0.66,0.34
2692,0.65,0.35
2693,0.61,0.39
2694,0.62,0.38
2695,0.61,0.39
2696,0.65,0.35
2697,0.63,0.37
2698,0.59,0.41
2699,0.6,0.4
2700,0.65,0.35
2701,0.6,0.4
2702,0.61,0.39
2703,0.62,0.38
2704,0.62,0.38
2705,0.63,0.37
2706,0.61,0.39
2707,0.59,0.41
2708,0.59,0.41
2709,0.63,0.37
2710,0.62,0.38
2711,0.61,0.39
2712,0.61,0.39
2713,0.6,0.4
2714,0.62,0.38
2715,0.61,0.39
2716,0.64,0.36
2717,0.63,0.37
2718,0.66,0.34
2719,0.63,0.37
2720,0.6,0.4
2721,0.6,0.4
2722,0.6,0.4
2723,0.62,0.38
2724,0.62,0.38
2725,0.6,0.4
2726,0.62,0.38
2727,0.62,0.38
2728,0.58,0.42
2729,0.64,0.36
2730,0.63,0.37
2731,0.6,0.4
2732,0.63,0.37
2733,0.65,0.35
2734,0.63,0.37
2735,0.62,0.38
2736,0.64,0.36
2737,0.58,0.42
2738,0.65,0.35
2739,0.63,0.37
2740,0.61,0.39
2741,0.65,0.35
2742,0.64,0.36
2743,0.6,0.4
2744,0.56,0.44
2745,0.59,0.41
2746,0.61,0.39
2747,0.62,0.38
2748,0.63,0.37
2749,0.65,0.35
2750,0.6,0.4
2751,0.65,0.35
2752,0.63,0.37
2753,0.6,0.4
2754,0.64,0.36
2755,0.62,0.38
2756,0.6,0.4
2757,0.61,0.39
2758,0.63,0.37
2759,0.63,0.37
2760,0.62,0.38
2761,0.63,0.37
2762,0.58,0.42
2763,0.62,0.38
2764,0.65,0.35
2765,0.64,0.36
2766,0.63,0.37
2767,0.66,0.34
2768,0.62,0.38
2769,0.62,0.38
2770,0.64,0.36
2771,0.62,0.38
2772,0.68,0.32
2773,0.61,0.39
2774,0.66,0.34
2775,0.63,0.37
2776,0.65,0.35
2777,0.65,0.35
2778,0.58,0.42
2779,0.6,0.4
2780,0.62,0.38
2781,0.61,0.39
2782,0.64,0.36
2783,0.61,0.39
2784,0.61,0.39
2785,0.57,0.43
2786,0.62,0.38
2787,0.62,0.38
2788,0.63,0.37
2789,0.63,0.37
2790,0.66,0.34
2791,0.6,0.4
2792,0.58,0.42
2793,0.62,0.38
2794,0.64,0.36
2795,0.65,0.35
2796,0.63,0.37
2797,0.6,0.4
2798,0.65,0.35
2799,0.62,0.38
2800,0.59,0.41
2801,0.68,0.32
2802,0.65,0.35
2803,0.61,0.39
2804,0.59,0.41
2805,0.61,0.39
2806,0.62,0.38
2807,0.64,0.36
2808,0.63,0.37
2809,0.63,0.37
2810,0.63,0.37
2811,0.59,0.41
2812,0.64,0.36
2813,0.6,0.4
2814,0.61,0.39
2815,0.65,0.35
2816,0.64,0.36
2817,0.63,0.37
2818,0.6,0.4
2819,0.64,0.36
2820,0.62,0.38
2821,0.58,0.42
2822,0.64,0.36
2823,0.66,0.34
2824,0.65,0.35
2825,0.61,0.39
2826,0.65,0.35
2827,0.6,0.4
2828,0.62,0.38
2829,0.56,0.44
2830,0.61,0.39
2831,0.64,0.36
2832,0.63,0.37
2833,0.6,0.4
2834,0.61,0.39
2835,0.61,0.39
2836,0.6,0.4
2837,0.63,0.37
2838,0.66,0.34
2839,0.63,0.37
2840,0.6,0.4
2841,0.62,0.38
2842,0.65,0.35
2843,0.63,0.37
2844,0.63,0.37
2845,0.64,0.36
2846,0.64,0.36
2847,0.65,0.35
2848,0.57,0.43
2849,0.62,0.38
2850,0.64,0.36
2851,0.61,0.39
2852,0.61,0.39
2853,0.63,0.37
2854,0.63,0.37
2855,0.61,0.39
2856,0.62,0.38
2857,0.63,0.37
2858,0.63,0.37
2859,0.59,0.41
2860,0.6,0.4
2861,0.6,0.4
2862,0.61,0.39
2863,0.61,0.39
2864,0.56,0.44
2865,0.62,0.38
2866,0.65,0.35
2867,0.6,0.4
2868,0.58,0.42
2869,0.63,0.37
2870,0.58,0.42
2871,0.61,0.39
2872,0.62,0.38
2873,0.59,0.41
2874,0.63,0.37
2875,0.62,0.38
2876,0.61,0.39
2877,0.61,0.39
2878,0.63,0.37
2879,0.65,0.35
2880,0.64,0.36
2881,0.63,0.37
2882,0.65,0.35
2883,0.62,0.38
2884,0.64,0.36
2885,0.62,0.38
2886,0.62,0.38
2887,0.62,0.38
2888,0.65,0.35
2889,0.6,0.4
2890,0.62,0.38
2891,0.66,0.34
2892,0.63,0.37
2893,0.63,0.37
2894,0.63,0.37
2895,0.63,0.37
2896,0.65,0.35
2897,0.63,0.37
2898,0.6,0.4
2899,0.59,0.41
2900,0.58,0.42
2901,0.67,0.33
2902,0.58,0.42
2903,0.64,0.36
2904,0.65,0.35
2905,0.59,0.41
2906,0.62,0.38
2907,0.6,0.4
2908,0.61,0.39
2909,0.59,0.41
2910,0.62,0.38
2911,0.62,0.38
2912,0.61,0.39
2913,0.64,0.36
2914,0.66,0.34
2915,0.62,0.38
2916,0.65,0.35
2917,0.6,0.4
2918,0.61,0.39
2919,0.62,0.38
2920,0.63,0.37
2921,0.58,0.42
2922,0.63,0.37
2923,0.62,0.38
2924,0.62,0.38
2925,0.63,0.37
2926,0.63,0.37
2927,0.66,0.34
2928,0.61,0.39
2929,0.6,0.4
2930,0.59,0.41
2931,0.64,0.36
2932,0.61,0.39
2933,0.67,0.33
2934,0.62,0.38
2935,0.6,0.4
2936,0.6,0.4
2937,0.6,0.4
2938,0.6,0.4
2939,0.63,0.37
2940,0.63,0.37
2941,0.58,0.42
2942,0.63,0.37
2943,0.63,0.37
2944,0.62,0.38
2945,0.63,0.37
2946,0.61,0.39
2947,0.64,0.36
2948,0.6,0.4
2949,0.63,0.37
2950,0.63,0.37
2951,0.55,0.45
2952,0.66,0.34
2953,0.62,0.38
2954,0.58,0.42
2955,0.63,0.37
2956,0.58,0.42
2957,0.69,0.31
2958,0.65,0.35
2959,0.6,0.4
2960,0.61,0.39
2961,0.63,0.37
2962,0.63,0.37
2963,0.62,0.38
2964,0.52,0.48
2965,0.62,0.38
2966,0.62,0.38
2967,0.65,0.35
2968,0.61,0.39
2969,0.61,0.39
2970,0.6,0.4
2971,0.66,0.34
2972,0.65,0.35
2973,0.59,0.41
2974,0.65,0.35
2975,0.6,0.4
2976,0.63,0.37
2977,0.61,0.39
2978,0.63,0.37
2979,0.63,0.37
2980,0.59,0.41
2981,0.63,0.37
2982,0.61,0.39
2983,0.62,0.38
2984,0.62,0.38
2985,0.64,0.36
2986,0.64,0.36
2987,0.63,0.37
2988,0.64,0.36
2989,0.66,0.34
2990,0.65,0.35
2991,0.62,0.38
2992,0.64,0.36
2993,0.63,0.37
2994,0.63,0.37
2995,0.64,0.36
2996,0.63,0.37
2997,0.6,0.4
2998,0.57,0.43
2999,0.64,0.36
3000,0.63,0.37
3001,0.61,0.39
3002,0.64,0.36
3003,0.64,0.36
3004,0.57,0.43
3005,0.61,0.39
3006,0.59,0.41
3007,0.66,0.34
3008,0.62,0.38
3009,0.65,0.35
3010,0.61,0.39
3011,0.64,0.36
3012,0.64,0.36
3013,0.63,0.37
3014,0.6,0.4
3015,0.63,0.37
3016,0.64,0.36
3017,0.61,0.39
3018,0.64,0.36
3019,0.62,0.38
3020,0.61,0.39
3021,0.64,0.36
3022,0.61,0.39
3023,0.63,0.37
3024,0.57,0.43
3025,0.57,0.43
3026,0.66,0.34
3027,0.6,0.4
3028,0.59,0.41
3029,0.59,0.41
3030,0.64,0.36
3031,0.59,0.41
3032,0.64,0.36
3033,0.61,0.39
3034,0.64,0.36
3035,0.61,0.39
3036,0.64,0.36
3037,0.61,0.39
3038,0.64,0.36
3039,0.6,0.4
3040,0.62,0.38
3041,0.63,0.37
3042,0.64,0.36
3043,0.63,0.37
3044,0.62,0.38
3045,0.62,0.38
3046,0.63,0.37
3047,0.61,0.39
3048,0.6,0.4
3049,0.63,0.37
3050,0.58,0.42
3051,0.64,0.36
3052,0.6,0.4
3053,0.61,0.39
3054,0.61,0.39
3055,0.61,0.39
3056,0.61,0.39
3057,0.58,0.42
3058,0.59,0.41
3059,0.63,0.37
3060,0.6,0.4
3061,0.63,0.37
3062,0.61,0.39
3063,0.62,0.38
3064,0.6,0.4
3065,0.63,0.37
3066,0.62,0.38
3067,0.64,0.36
3068,0.62,0.38
3069,0.62,0.38
3070,0.62,0.38
3071,0.63,0.37
3072,0.62,0.38
3073,0.65,0.35
3074,0.62,0.38
3075,0.62,0.38
3076,0.61,0.39
3077,0.6,0.4
3078,0.66,0.34
3079,0.61,0.39
3080,0.61,0.39
3081,0.63,0.37
3082,0.61,0.39
3083,0.61,0.39
3084,0.62,0.38
3085,0.62,0.38
3086,0.59,0.41
3087,0.62,0.38
3088,0.61,0.39
3089,0.64,0.36
3090,0.59,0.41
3091,0.63,0.37
3092,0.58,0.42
3093,0.58,0.42
3094,0.63,0.37
3095,0.61,0.39
3096,0.64,0.36
3097,0.64,0.36
3098,0.62,0.38
3099,0.61,0.39
3100,0.6,0.4
3101,0.63,0.37
3102,0.64,0.36
3103,0.64,0.36
3104,0.61,0.39
3105,0.64,0.36
3106,0.63,0.37
3107,0.64,0.36
3108,0.62,0.38
3109,0.61,0.39
3110,0.62,0.38
3111,0.6,0.4
3112,0.6,0.4
3113,0.65,0.35
3114,0.63,0.37
3115,0.67,0.33
3116,0.61,0.39
3117,0.64,0.36
3118,0.66,0.34
3119,0.6,0.4
3120,0.64,0.36
3121,0.61,0.39
3122,0.6,0.4
3123,0.64,0.36
3124,0.61,0.39
3125,0.64,0.36
3126,0.65,0.35
3127,0.6,0.4
3128,0.63,0.37
3129,0.6,0.4
3130,0.63,0.37
3131,0.6,0.4
3132,0.6,0.4
3133,0.63,0.37
3134,0.59,0.41
3135,0.6,0.4
3136,0.61,0.39
3137,0.64,0.36
3138,0.66,0.34
3139,0.66,0.34
3140,0.66,0.34
3141,0.6,0.4
3142,0.59,0.41
3143,0.6,0.4
3144,0.64,0.36
3145,0.62,0.38
3146,0.68,0.32
3147,0.6,0.4
3148,0.59,0.41
3149,0.6,0.4
3150,0.64,0.36
3151,0.64,0.36
3152,0.62,0.38
3153,0.6,0.4
3154,0.59,0.41
3155,0.61,0.39
3156,0.65,0.35
3157,0.58,0.42
3158,0.64,0.36
3159,0.61,0.39
3160,0.67,0.33
3161,0.65,0.35
3162,0.59,0.41
3163,0.65,0.35
3164,0.62,0.38
3165,0.62,0.38
3166,0.61,0.39
3167,0.65,0.35
3168,0.67,0.33
3169,0.64,0.36
3170,0.61,0.39
3171,0.61,0.39
3172,0.6,0.4
3173,0.6,0.4
3174,0.61,0.39
3175,0.64,0.36
3176,0.6,0.4
3177,0.61,0.39
3178,0.65,0.35
3179,0.64,0.36
3180,0.6,0.4
3181,0.56,0.44
3182,0.59,0.41
3183,0.57,0.43
3184,0.61,0.39
3185,0.6,0.4
3186,0.6,0.4
3187,0.64,0.36
3188,0.64,0.36
3189,0.63,0.37
3190,0.61,0.39
3191,0.61,0.39
3192,0.61,0.39
3193,0.59,0.41
3194,0.62,0.38
3195,0.6,0.4
3196,0.61,0.39
3197,0.64,0.36
3198,0.59,0.41
3199,0.62,0.38
3200,0.61,0.39
3201,0.6,0.4
3202,0.62,0.38
3203,0.61,0.39
3204,0.59,0.41
3205,0.6,0.4
3206,0.63,0.37
3207,0.62,0.38
3208,0.62,0.38
3209,0.61,0.39
3210,0.6,0.4
3211,0.61,0.39
3212,0.63,0.37
3213,0.65,0.35
3214,0.62,0.38
3215,0.61,0.39
3216,0.63,0.37
3217,0.6,0.4
3218,0.62,0.38
3219,0.66,0.34
3220,0.65,0.35
3221,0.61,0.39
3222,0.6,0.4
3223,0.61,0.39
3224,0.6,0.4
3225,0.59,0.41
3226,0.6,0.4
3227,0.62,0.38
3228,0.65,0.35
3229,0.63,0.37
3230,0.62,0.38
3231,0.64,0.36
3232,0.59,0.41
3233,0.61,0.39
3234,0.58,0.42
3235,0.62,0.38
3236,0.6,0.4
3237,0.59,0.41
3238,0.66,0.34
3239,0.65,0.35
3240,0.63,0.37
3241,0.62,0.38
3242,0.63,0.37
3243,0.6,0.4
3244,0.62,0.38
3245,0.67,0.33
3246,0.63,0.37
3247,0.64,0.36
3248,0.64,0.36
3249,0.63,0.37
3250,0.61,0.39
3251,0.6,0.4
3252,0.6,0.4
3253,0.58,0.42
3254,0.6,0.4
3255,0.62,0.38
3256,0.6,0.4
3257,0.6,0.4
3258,0.63,0.37
3259,0.62,0.38
3260,0.64,0.36
3261,0.63,0.37
3262,0.62,0.38
3263,0.64,0.36
3264,0.61,0.39
3265,0.61,0.39
3266,0.58,0.42
3267,0.6,0.4
3268,0.64,0.36
3269,0.63,0.37
3270,0.64,0.36
3271,0.62,0.38
3272,0.61,0.39
3273,0.63,0.37
3274,0.64,0.36
3275,0.61,0.39
3276,0.6,0.4
3277,0.66,0.34
3278,0.63,0.37
3279,0.61,0.39
3280,0.63,0.37
3281,0.64,0.36
3282,0.63,0.37
3283,0.64,0.36
3284,0.61,0.39
3285,0.57,0.43
3286,0.64,0.36
3287,0.61,0.39
3288,0.61,0.39
3289,0.6,0.4
3290,0.63,0.37
3291,0.62,0.38
3292,0.61,0.39
3293,0.61,0.39
3294,0.61,0.39
3295,0.6,0.4
3296,0.61,0.39
3297,0.59,0.41
3298,0.6,0.4
3299,0.63,0.37
3300,0.64,0.36
3301,0.61,0.39
3302,0.62,0.38
3303,0.62,0.38
3304,0.61,0.39
3305,0.62,0.38
3306,0.61,0.39
3307,0.59,0.41
3308,0.57,0.43
3309,0.63,0.37
3310,0.64,0.36
3311,0.61,0.39
3312,0.64,0.36
3313,0.61,0.39
3314,0.62,0.38
3315,0.63,0.37
3316,0.65,0.35
3317,0.61,0.39
3318,0.63,0.37
3319,0.66,0.34
3320,0.65,0.35
3321,0.63,0.37
3322,0.61,0.39
3323,0.63,0.37
3324,0.64,0.36
3325,0.61,0.39
3326,0.64,0.36
3327,0.63,0.37
3328,0.6,0.4
3329,0.63,0.37
3330,0.62,0.38
3331,0.64,0.36
3332,0.62,0.38
3333,0.65,0.35
3334,0.67,0.33
3335,0.61,0.39
3336,0.66,0.34
3337,0.62,0.38
3338,0.62,0.38
3339,0.63,0.37
3340,0.62,0.38
3341,0.66,0.34
3342,0.62,0.38
3343,0.62,0.38
3344,0.64,0.36
3345,0.64,0.36
3346,0.63,0.37
3347,0.65,0.35
3348,0.59,0.41
3349,0.59,0.41
3350,0.64,0.36
3351,0.61,0.39
3352,0.6,0.4
3353,0.66,0.34
3354,0.61,0.39
3355,0.58,0.42
3356,0.6,0.4
3357,0.61,0.39
3358,0.6,0.4
3359,0.64,0.36
3360,0.61,0.39
3361,0.59,0.41
3362,0.62,0.38
3363,0.63,0.37
3364,0.61,0.39
3365,0.64,0.36
3366,0.65,0.35
3367,0.61,0.39
3368,0.65,0.35
3369,0.64,0.36
3370,0.63,0.37
3371,0.66,0.34
3372,0.59,0.41
3373,0.65,0.35
3374,0.62,0.38
3375,0.64,0.36
3376,0.63,0.37
3377,0.63,0.37
3378,0.65,0.35
3379,0.6,0.4
3380,0.6,0.4
3381,0.66,0.34
3382,0.65,0.35
3383,0.63,0.37
3384,0.64,0.36
3385,0.63,0.37
3386,0.56,0.44
3387,0.63,0.37
3388,0.6,0.4
3389,0.61,0.39
3390,0.65,0.35
3391,0.57,0.43
3392,0.6,0.4
3393,0.58,0.42
3394,0.65,0.35
3395,0.65,0.35
3396,0.62,0.38
3397,0.61,0.39
3398,0.64,0.36
3399,0.6,0.4
3400,0.63,0.37
3401,0.63,0.37
3402,0.6,0.4
3403,0.65,0.35
3404,0.64,0.36
3405,0.59,0.41
3406,0.66,0.34
3407,0.63,0.37
3408,0.61,0.39
3409,0.59,0.41
3410,0.63,0.37
3411,0.64,0.36
3412,0.61,0.39
3413,0.59,0.41
3414,0.65,0.35
3415,0.65,0.35
3416,0.62,0.38
3417,0.62,0.38
3418,0.67,0.33
3419,0.65,0.35
3420,0.58,0.42
3421,0.61,0.39
3422,0.6,0.4
3423,0.64,0.36
3424,0.62,0.38
3425,0.63,0.37
3426,0.63,0.37
3427,0.66,0.34
3428,0.61,0.39
3429,0.65,0.35
3430,0.6,0.4
3431,0.6,0.4
3432,0.58,0.42
3433,0.55,0.45
3434,0.65,0.35
3435,0.63,0.37
3436,0.66,0.34
3437,0.63,0.37
3438,0.64,0.36
3439,0.63,0.37
3440,0.64,0.36
3441,0.61,0.39
3442,0.57,0.43
3443,0.6,0.4
3444,0.6,0.4
3445,0.63,0.37
3446,0.64,0.36
3447,0.62,0.38
3448,0.63,0.37
3449,0.6,0.4
3450,0.61,0.39
3451,0.66,0.34
3452,0.64,0.36
3453,0.62,0.38
3454,0.6,0.4
3455,0.62,0.38
3456,0.58,0.42
3457,0.65,0.35
3458,0.64,0.36
3459,0.6,0.4
3460,0.65,0.35
3461,0.62,0.38
3462,0.63,0.37
3463,0.65,0.35
3464,0.6,0.4
3465,0.64,0.36
3466,0.62,0.38
3467,0.59,0.41
3468,0.64,0.36
3469,0.64,0.36
3470,0.65,0.35
3471,0.64,0.36
3472,0.62,0.38
3473,0.6,0.4
3474,0.63,0.37
3475,0.59,0.41
3476,0.64,0.36
3477,0.63,0.37
3478,0.62,0.38
3479,0.56,0.44
3480,0.58,0.42
3481,0.6,0.4
3482,0.64,0.36
3483,0.56,0.44
3484,0.61,0.39
3485,0.65,0.35
3486,0.68,0.32
3487,0.66,0.34
3488,0.63,0.37
3489,0.65,0.35
3490,0.6,0.4
3491,0.61,0.39
3492,0.61,0.39
3493,0.61,0.39
3494,0.63,0.37
3495,0.58,0.42
3496,0.62,0.38
3497,0.64,0.36
3498,0.64,0.36
3499,0.62,0.38
3500,0.61,0.39
3501,0.64,0.36
3502,0.67,0.33
3503,0.58,0.42
3504,0.62,0.38
3505,0.6,0.4
3506,0.62,0.38
3507,0.66,0.34
3508,0.64,0.36
3509,0.63,0.37
3510,0.63,0.37
3511,0.59,0.41
3512,0.58,0.42
3513,0.58,0.42
3514,0.6,0.4
3515,0.62,0.38
3516,0.63,0.37
3517,0.63,0.37
3518,0.62,0.38
3519,0.58,0.42
3520,0.61,0.39
3521,0.64,0.36
3522,0.61,0.39
3523,0.62,0.38
3524,0.59,0.41
3525,0.64,0.36
3526,0.6,0.4
3527,0.61,0.39
3528,0.6,0.4
3529,0.62,0.38
3530,0.63,0.37
3531,0.63,0.37
3532,0.62,0.38
3533,0.64,0.36
3534,0.59,0.41
3535,0.58,0.42
3536,0.67,0.33
3537,0.61,0.39
3538,0.62,0.38
3539,0.61,0.39
3540,0.66,0.34
3541,0.57,0.43
3542,0.61,0.39
3543,0.64,0.36
3544,0.63,0.37
3545,0.64,0.36
3546,0.6,0.4
3547,0.62,0.38
3548,0.62,0.38
3549,0.61,0.39
3550,0.62,0.38
3551,0.61,0.39
3552,0.6,0.4
3553,0.67,0.33
3554,0.61,0.39
3555,0.58,0.42
3556,0.62,0.38
3557,0.62,0.38
3558,0.63,0.37
3559,0.66,0.34
3560,0.61,0.39
3561,0.61,0.39
3562,0.61,0.39
3563,0.66,0.34
3564,0.63,0.37
3565,0.65,0.35
3566,0.6,0.4
3567,0.66,0.34
3568,0.6,0.4
3569,0.64,0.36
3570,0.6,0.4
3571,0.66,0.34
3572,0.62,0.38
3573,0.6,0.4
3574,0.64,0.36
3575,0.63,0.37
3576,0.65,0.35
3577,0.61,0.39
3578,0.63,0.37
3579,0.61,0.39
3580,0.62,0.38
3581,0.64,0.36
3582,0.62,0.38
3583,0.63,0.37
3584,0.63,0.37
3585,0.62,0.38
3586,0.65,0.35
3587,0.63,0.37
3588,0.62,0.38
3589,0.65,0.35
3590,0.6,0.4
3591,0.61,0.39
3592,0.57,0.43
3593,0.6,0.4
3594,0.63,0.37
3595,0.59,0.41
3596,0.6,0.4
3597,0.65,0.35
3598,0.62,0.38
3599,0.63,0.37
3600,0.64,0.36
3601,0.64,0.36
3602,0.63,0.37
3603,0.58,0.42
3604,0.6,0.4
3605,0.6,0.4
3606,0.63,0.37
3607,0.6,0.4
3608,0.62,0.38
3609,0.59,0.41
3610,0.61,0.39
3611,0.62,0.38
3612,0.65,0.35
3613,0.63,0.37
3614,0.64,0.36
3615,0.6,0.4
3616,0.64,0.36
3617,0.63,0.37
3618,0.6,0.4
3619,0.64,0.36
3620,0.64,0.36
3621,0.62,0.38
3622,0.62,0.38
3623,0.59,0.41
3624,0.64,0.36
3625,0.6,0.4
3626,0.58,0.42
3627,0.63,0.37
3628,0.61,0.39
3629,0.64,0.36
3630,0.64,0.36
3631,0.61,0.39
3632,0.65,0.35
3633,0.63,0.37
3634,0.64,0.36
3635,0.65,0.35
3636,0.59,0.41
3637,0.63,0.37
3638,0.64,0.36
3639,0.59,0.41
3640,0.62,0.38
3641,0.63,0.37
3642,0.59,0.41
3643,0.63,0.37
3644,0.65,0.35
3645,0.6,0.4
3646,0.61,0.39
3647,0.61,0.39
3648,0.6,0.4
3649,0.64,0.36
3650,0.61,0.39
3651,0.58,0.42
3652,0.63,0.37
3653,0.59,0.41
3654,0.63,0.37
3655,0.65,0.35
3656,0.61,0.39
3657,0.61,0.39
3658,0.6,0.4
3659,0.61,0.39
3660,0.63,0.37
3661,0.63,0.37
3662,0.6,0.4
3663,0.61,0.39
3664,0.62,0.38
3665,0.61,0.39
3666,0.63,0.37
3667,0.62,0.38
3668,0.62,0.38
3669,0.64,0.36
3670,0.65,0.35
3671,0.63,0.37
3672,0.6,0.4
3673,0.6,0.4
3674,0.62,0.38
3675,0.59,0.41
3676,0.63,0.37
3677,0.61,0.39
3678,0.61,0.39
3679,0.6,0.4
3680,0.61,0.39
3681,0.62,0.38
3682,0.65,0.35
3683,0.6,0.4
3684,0.66,0.34
3685,0.62,0.38
3686,0.6,0.4
3687,0.64,0.36
3688,0.63,0.37
3689,0.63,0.37
3690,0.64,0.36
3691,0.59,0.41
3692,0.61,0.39
3693,0.63,0.37
3694,0.62,0.38
3695,0.66,0.34
3696,0.63,0.37
3697,0.64,0.36
3698,0.63,0.37
3699,0.59,0.41
3700,0.59,0.41
3701,0.61,0.39
3702,0.64,0.36
3703,0.65,0.35
3704,0.63,0.37
3705,0.61,0.39
3706,0.62,0.38
3707,0.57,0.43
3708,0.63,0.37
3709,0.69,0.31
3710,0.65,0.35
3711,0.61,0.39
3712,0.67,0.33
3713,0.61,0.39
3714,0.63,0.37
3715,0.64,0.36
3716,0.6,0.4
3717,0.66,0.34
3718,0.64,0.36
3719,0.65,0.35
3720,0.6,0.4
3721,0.62,0.38
3722,0.62,0.38
3723,0.66,0.34
3724,0.67,0.33
3725,0.69,0.31
3726,0.63,0.37
3727,0.62,0.38
3728,0.64,0.36
3729,0.64,0.36
3730,0.65,0.35
3731,0.66,0.34
3732,0.65,0.35
3733,0.61,0.39
3734,0.67,0.33
3735,0.64,0.36
3736,0.64,0.36
3737,0.67,0.33
3738,0.62,0.38
3739,0.63,0.37
3740,0.61,0.39
3741,0.63,0.37
3742,0.64,0.36
3743,0.6,0.4
3744,0.65,0.35
3745,0.67,0.33
3746,0.64,0.36
3747,0.62,0.38
3748,0.62,0.38
3749,0.64,0.36
3750,0.61,0.39
3751,0.63,0.37
3752,0.6,0.4
3753,0.62,0.38
3754,0.61,0.39
3755,0.63,0.37
3756,0.59,0.41
3757,0.62,0.38
3758,0.63,0.37
3759,0.6,0.4
3760,0.64,0.36
3761,0.62,0.38
3762,0.63,0.37
3763,0.65,0.35
3764,0.67,0.33
3765,0.66,0.34
3766,0.63,0.37
3767,0.61,0.39
3768,0.61,0.39
3769,0.64,0.36
3770,0.62,0.38
3771,0.58,0.42
3772,0.61,0.39
3773,0.64,0.36
3774,0.64,0.36
3775,0.61,0.39
3776,0.66,0.34
3777,0.61,0.39
3778,0.6,0.4
3779,0.61,0.39
3780,0.62,0.38
3781,0.65,0.35
3782,0.61,0.39
3783,0.64,0.36
3784,0.65,0.35
3785,0.68,0.32
3786,0.64,0.36
3787,0.64,0.36
3788,0.62,0.38
3789,0.62,0.38
3790,0.66,0.34
3791,0.61,0.39
3792,0.64,0.36
3793,0.61,0.39
3794,0.64,0.36
3795,0.64,0.36
3796,0.65,0.35
3797,0.66,0.34
3798,0.6,0.4
3799,0.54,0.46
3800,0.62,0.38
3801,0.62,0.38
3802,0.65,0.35
3803,0.65,0.35
3804,0.61,0.39
3805,0.62,0.38
3806,0.61,0.39
3807,0.6,0.4
3808,0.65,0.35
3809,0.61,0.39
3810,0.66,0.34
3811,0.65,0.35
3812,0.66,0.34
3813,0.62,0.38
3814,0.63,0.37
3815,0.65,0.35
3816,0.63,0.37
3817,0.61,0.39
3818,0.62,0.38
3819,0.62,0.38
3820,0.66,0.34
3821,0.64,0.36
3822,0.66,0.34
3823,0.63,0.37
3824,0.66,0.34
3825,0.67,0.33
3826,0.65,0.35
3827,0.61,0.39
3828,0.61,0.39
3829,0.62,0.38
3830,0.67,0.33
3831,0.63,0.37
3832,0.63,0.37
3833,0.67,0.33
3834,0.61,0.39
3835,0.68,0.32
3836,0.62,0.38
3837,0.65,0.35
3838,0.6,0.4
3839,0.67,0.33
3840,0.62,0.38
3841,0.62,0.38
3842,0.6,0.4
3843,0.65,0.35
3844,0.65,0.35
3845,0.62,0.38
3846,0.61,0.39
3847,0.65,0.35
3848,0.67,0.33
3849,0.64,0.36
3850,0.61,0.39
3851,0.61,0.39
3852,0.62,0.38
3853,0.65,0.35
3854,0.66,0.34
3855,0.63,0.37
3856,0.61,0.39
3857,0.65,0.35
3858,0.65,0.35
3859,0.61,0.39
3860,0.63,0.37
3861,0.67,0.33
3862,0.61,0.39
3863,0.64,0.36
3864,0.61,0.39
3865,0.61,0.39
3866,0.65,0.35
3867,0.64,0.36
3868,0.66,0.34
3869,0.67,0.33
3870,0.65,0.35
3871,0.61,0.39
3872,0.64,0.36
3873,0.65,0.35
3874,0.66,0.34
3875,0.63,0.37
3876,0.64,0.36
3877,0.65,0.35
3878,0.65,0.35
3879,0.64,0.36
3880,0.57,0.43
3881,0.66,0.34
3882,0.61,0.39
3883,0.62,0.38
3884,0.61,0.39
3885,0.62,0.38
3886,0.63,0.37
3887,0.59,0.41
3888,0.64,0.36
3889,0.62,0.38
3890,0.66,0.34
3891,0.64,0.36
3892,0.62,0.38
3893,0.61,0.39
3894,0.61,0.39
3895,0.66,0.34
3896,0.61,0.39
3897,0.63,0.37
3898,0.66,0.34
3899,0.63,0.37
3900,0.66,0.34
3901,0.65,0.35
3902,0.63,0.37
3903,0.63,0.37
3904,0.63,0.37
3905,0.67,0.33
3906,0.66,0.34
3907,0.67,0.33
3908,0.63,0.37
3909,0.6,0.4
3910,0.61,0.39
3911,0.67,0.33
3912,0.65,0.35
3913,0.62,0.38
3914,0.64,0.36
3915,0.61,0.39
3916,0.67,0.33
3917,0.62,0.38
3918,0.61,0.39
3919,0.66,0.34
3920,0.66,0.34
3921,0.64,0.36
3922,0.64,0.36
3923,0.61,0.39
3924,0.65,0.35
3925,0.63,0.37
3926,0.62,0.38
3927,0.62,0.38
3928,0.66,0.34
3929,0.64,0.36
3930,0.66,0.34
3931,0.62,0.38
3932,0.64,0.36
3933,0.63,0.37
3934,0.65,0.35
3935,0.66,0.34
3936,0.66,0.34
3937,0.63,0.37
3938,0.62,0.38
3939,0.64,0.36
3940,0.62,0.38
3941,0.63,0.37
3942,0.65,0.35
3943,0.63,0.37
3944,0.64,0.36
3945,0.64,0.36
3946,0.67,0.33
3947,0.61,0.39
3948,0.64,0.36
3949,0.68,0.32
3950,0.65,0.35
3951,0.66,0.34
3952,0.63,0.37
3953,0.61,0.39
3954,0.61,0.39
3955,0.61,0.39
3956,0.64,0.36
3957,0.62,0.38
3958,0.67,0.33
3959,0.63,0.37
3960,0.65,0.35
3961,0.66,0.34
3962,0.61,0.39
3963,0.6,0.4
3964,0.67,0.33
3965,0.62,0.38
3966,0.63,0.37
3967,0.62,0.38
3968,0.66,0.34
3969,0.6,0.4
3970,0.64,0.36
3971,0.64,0.36
3972,0.66,0.34
3973,0.63,0.37
3974,0.66,0.34
3975,0.63,0.37
3976,0.67,0.33
3977,0.63,0.37
3978,0.63,0.37
3979,0.61,0.39
3980,0.63,0.37
3981,0.64,0.36
3982,0.62,0.38
3983,0.65,0.35
3984,0.61,0.39
3985,0.64,0.36
3986,0.66,0.34
3987,0.66,0.34
3988,0.62,0.38
3989,0.63,0.37
3990,0.62,0.38
3991,0.63,0.37
3992,0.64,0.36
3993,0.63,0.37
3994,0.64,0.36
3995,0.6,0.4
3996,0.67,0.33
3997,0.65,0.35
3998,0.65,0.35
3999,0.61,0.39
4000,0.65,0.35
4001,0.64,0.36
4002,0.63,0.37
4003,0.65,0.35
4004,0.6,0.4
4005,0.63,0.37
4006,0.62,0.38
4007,0.67,0.33
4008,0.61,0.39
4009,0.61,0.39
4010,0.65,0.35
4011,0.65,0.35
4012,0.61,0.39
4013,0.65,0.35
4014,0.61,0.39
4015,0.66,0.34
4016,0.65,0.35
4017,0.61,0.39
4018,0.59,0.41
4019,0.64,0.36
4020,0.63,0.37
4021,0.66,0.34
4022,0.62,0.38
4023,0.67,0.33
4024,0.67,0.33
4025,0.6,0.4
4026,0.63,0.37
4027,0.67,0.33
4028,0.64,0.36
4029,0.64,0.36
4030,0.65,0.35
4031,0.61,0.39
4032,0.66,0.34
4033,0.66,0.34
4034,0.66,0.34
4035,0.63,0.37
4036,0.64,0.36
4037,0.65,0.35
4038,0.62,0.38
4039,0.64,0.36
4040,0.64,0.36
4041,0.63,0.37
4042,0.61,0.39
4043,0.59,0.41
4044,0.65,0.35
4045,0.64,0.36
4046,0.61,0.39
4047,0.62,0.38
4048,0.65,0.35
4049,0.67,0.33
4050,0.65,0.35
4051,0.65,0.35
4052,0.63,0.37
4053,0.65,0.35
4054,0.63,0.37
4055,0.62,0.38
4056,0.62,0.38
4057,0.63,0.37
4058,0.64,0.36
4059,0.59,0.41
4060,0.62,0.38
4061,0.64,0.36
4062,0.64,0.36
4063,0.66,0.34
4064,0.6,0.4
4065,0.62,0.38
4066,0.61,0.39
4067,0.63,0.37
4068,0.62,0.38
4069,0.62,0.38
4070,0.64,0.36
4071,0.64,0.36
4072,0.64,0.36
4073,0.63,0.37
4074,0.62,0.38
4075,0.61,0.39
4076,0.64,0.36
4077,0.66,0.34
4078,0.67,0.33
4079,0.65,0.35
4080,0.62,0.38
4081,0.62,0.38
4082,0.63,0.37
4083,0.63,0.37
4084,0.61,0.39
4085,0.65,0.35
4086,0.63,0.37
4087,0.57,0.43
4088,0.62,0.38
4089,0.65,0.35
4090,0.63,0.37
4091,0.65,0.35
4092,0.63,0.37
4093,0.65,0.35
4094,0.65,0.35
4095,0.67,0.33
4096,0.62,0.38
4097,0.66,0.34
4098,0.65,0.35
4099,0.64,0.36
4100,0.64,0.36
4101,0.62,0.38
4102,0.63,0.37
4103,0.65,0.35
4104,0.66,0.34
4105,0.64,0.36
4106,0.6,0.4
4107,0.64,0.36
4108,0.64,0.36
4109,0.65,0.35
4110,0.66,0.34
4111,0.63,0.37
4112,0.61,0.39
4113,0.63,0.37
4114,0.63,0.37
4115,0.61,0.39
4116,0.61,0.39
4117,0.6,0.4
4118,0.68,0.32
4119,0.63,0.37
4120,0.61,0.39
4121,0.67,0.33
4122,0.64,0.36
4123,0.6,0.4
4124,0.65,0.35
4125,0.66,0.34
4126,0.64,0.36
4127,0.63,0.37
4128,0.63,0.37
4129,0.57,0.43
4130,0.64,0.36
4131,0.66,0.34
4132,0.63,0.37
4133,0.66,0.34
4134,0.64,0.36
4135,0.63,0.37
4136,0.59,0.41
4137,0.64,0.36
4138,0.59,0.41
4139,0.59,0.41
4140,0.67,0.33
4141,0.62,0.38
4142,0.61,0.39
4143,0.62,0.38
4144,0.62,0.38
4145,0.63,0.37
4146,0.62,0.38
4147,0.6,0.4
4148,0.65,0.35
4149,0.62,0.38
4150,0.63,0.37
4151,0.67,0.33
4152,0.66,0.34
4153,0.66,0.34
4154,0.66,0.34
4155,0.64,0.36
4156,0.64,0.36
4157,0.61,0.39
4158,0.61,0.39
4159,0.63,0.37
4160,0.62,0.38
4161,0.66,0.34
4162,0.66,0.34
4163,0.63,0.37
4164,0.63,0.37
4165,0.58,0.42
4166,0.62,0.38
4167,0.63,0.37
4168,0.61,0.39
4169,0.65,0.35
4170,0.64,0.36
4171,0.6,0.4
4172,0.61,0.39
4173,0.63,0.37
4174,0.66,0.34
4175,0.6,0.4
4176,0.64,0.36
4177,0.61,0.39
4178,0.64,0.36
4179,0.62,0.38
4180,0.6,0.4
4181,0.62,0.38
4182,0.66,0.34
4183,0.66,0.34
4184,0.62,0.38
4185,0.66,0.34
4186,0.61,0.39
4187,0.61,0.39
4188,0.62,0.38
4189,0.62,0.38
4190,0.63,0.37
4191,0.63,0.37
4192,0.62,0.38
4193,0.62,0.38
4194,0.6,0.4
4195,0.64,0.36
4196,0.63,0.37
4197,0.64,0.36
4198,0.63,0.37
4199,0.63,0.37
4200,0.65,0.35
4201,0.67,0.33
4202,0.69,0.31
4203,0.65,0.35
4204,0.66,0.34
4205,0.61,0.39
4206,0.55,0.45
4207,0.62,0.38
4208,0.65,0.35
4209,0.64,0.36
4210,0.66,0.34
4211,0.65,0.35
4212,0.62,0.38
4213,0.65,0.35
4214,0.61,0.39
4215,0.6,0.4
4216,0.62,0.38
4217,0.65,0.35
4218,0.65,0.35
4219,0.66,0.34
4220,0.65,0.35
4221,0.67,0.33
4222,0.61,0.39
4223,0.62,0.38
4224,0.62,0.38
4225,0.64,0.36
4226,0.69,0.31
4227,0.67,0.33
4228,0.65,0.35
4229,0.64,0.36
4230,0.62,0.38
4231,0.6,0.4
4232,0.65,0.35
4233,0.61,0.39
4234,0.64,0.36
4235,0.64,0.36
4236,0.61,0.39
4237,0.66,0.34
4238,0.64,0.36
4239,0.66,0.34
4240,0.61,0.39
4241,0.59,0.41
4242,0.64,0.36
4243,0.64,0.36
4244,0.61,0.39
4245,0.64,0.36
4246,0.58,0.42
4247,0.64,0.36
4248,0.64,0.36
4249,0.65,0.35
4250,0.63,0.37
4251,0.68,0.32
4252,0.61,0.39
4253,0.63,0.37
4254,0.62,0.38
4255,0.65,0.35
4256,0.64,0.36
4257,0.64,0.36
4258,0.63,0.37
4259,0.63,0.37
4260,0.62,0.38
4261,0.66,0.34
4262,0.63,0.37
4263,0.62,0.38
4264,0.62,0.38
4265,0.62,0.38
4266,0.63,0.37
4267,0.63,0.37
4268,0.63,0.37
4269,0.62,0.38
4270,0.66,0.34
4271,0.64,0.36
4272,0.65,0.35
4273,0.65,0.35
4274,0.63,0.37
4275,0.64,0.36
4276,0.62,0.38
4277,0.67,0.33
4278,0.63,0.37
4279,0.67,0.33
4280,0.66,0.34
4281,0.61,0.39
4282,0.63,0.37
4283,0.62,0.38
4284,0.61,0.39
4285,0.6,0.4
4286,0.62,0.38
4287,0.65,0.35
4288,0.68,0.32
4289,0.67,0.33
4290,0.64,0.36
4291,0.66,0.34
4292,0.65,0.35
4293,0.66,0.34
4294,0.61,0.39
4295,0.64,0.36
4296,0.64,0.36
4297,0.59,0.41
4298,0.62,0.38
4299,0.59,0.41
4300,0.64,0.36
4301,0.66,0.34
4302,0.64,0.36
4303,0.63,0.37
4304,0.66,0.34
4305,0.62,0.38
4306,0.63,0.37
4307,0.61,0.39
4308,0.66,0.34
4309,0.67,0.33
4310,0.6,0.4
4311,0.6,0.4
4312,0.65,0.35
4313,0.62,0.38
4314,0.63,0.37
4315,0.62,0.38
4316,0.62,0.38
4317,0.6,0.4
4318,0.66,0.34
4319,0.64,0.36
4320,0.66,0.34
4321,0.66,0.34
4322,0.62,0.38
4323,0.62,0.38
4324,0.63,0.37
4325,0.61,0.39
4326,0.63,0.37
4327,0.6,0.4
4328,0.63,0.37
4329,0.65,0.35
4330,0.65,0.35
4331,0.65,0.35
4332,0.65,0.35
4333,0.62,0.38
4334,0.61,0.39
4335,0.62,0.38
4336,0.65,0.35
4337,0.64,0.36
4338,0.65,0.35
4339,0.62,0.38
4340,0.65,0.35
4341,0.63,0.37
4342,0.63,0.37
4343,0.67,0.33
4344,0.66,0.34
4345,0.59,0.41
4346,0.63,0.37
4347,0.66,0.34
4348,0.63,0.37
4349,0.64,0.36
4350,0.61,0.39
4351,0.62,0.38
4352,0.61,0.39
4353,0.65,0.35
4354,0.65,0.35
4355,0.61,0.39
4356,0.64,0.36
4357,0.59,0.41
4358,0.6,0.4
4359,0.61,0.39
4360,0.62,0.38
4361,0.65,0.35
4362,0.64,0.36
4363,0.63,0.37
4364,0.64,0.36
4365,0.63,0.37
4366,0.63,0.37
4367,0.66,0.34
4368,0.62,0.38
4369,0.61,0.39
4370,0.63,0.37
4371,0.61,0.39
4372,0.62,0.38
4373,0.68,0.32
4374,0.61,0.39
4375,0.64,0.36
4376,0.63,0.37
4377,0.6,0.4
4378,0.62,0.38
4379,0.66,0.34
4380,0.64,0.36
4381,0.66,0.34
4382,0.63,0.37
4383,0.62,0.38
4384,0.62,0.38
4385,0.64,0.36
4386,0.65,0.35
4387,0.59,0.41
4388,0.61,0.39
4389,0.62,0.38
4390,0.67,0.33
4391,0.62,0.38
4392,0.64,0.36
4393,0.65,0.35
4394,0.63,0.37
4395,0.61,0.39
4396,0.65,0.35
4397,0.61,0.39
4398,0.64,0.36
4399,0.64,0.36
4400,0.64,0.36
4401,0.61,0.39
4402,0.68,0.32
4403,0.67,0.33
4404,0.68,0.32
4405,0.62,0.38
4406,0.61,0.39
4407,0.61,0.39
4408,0.66,0.34
4409,0.61,0.39
4410,0.64,0.36
4411,0.62,0.38
4412,0.6,0.4
4413,0.58,0.42
4414,0.61,0.39
4415,0.61,0.39
4416,0.65,0.35
4417,0.64,0.36
4418,0.66,0.34
4419,0.65,0.35
4420,0.65,0.35
4421,0.66,0.34
4422,0.58,0.42
4423,0.6,0.4
4424,0.64,0.36
4425,0.66,0.34
4426,0.63,0.37
4427,0.62,0.38
4428,0.62,0.38
4429,0.62,0.38
4430,0.62,0.38
4431,0.67,0.33
4432,0.63,0.37
4433,0.61,0.39
4434,0.61,0.39
4435,0.63,0.37
4436,0.61,0.39
4437,0.61,0.39
4438,0.65,0.35
4439,0.61,0.39
4440,0.65,0.35
4441,0.62,0.38
4442,0.63,0.37
4443,0.63,0.37
4444,0.67,0.33
4445,0.65,0.35
4446,0.63,0.37
4447,0.68,0.32
4448,0.63,0.37
4449,0.67,0.33
4450,0.67,0.33
4451,0.64,0.36
4452,0.63,0.37
4453,0.62,0.38
4454,0.66,0.34
4455,0.63,0.37
4456,0.61,0.39
4457,0.63,0.37
4458,0.64,0.36
4459,0.63,0.37
4460,0.65,0.35
4461,0.61,0.39
4462,0.61,0.39
4463,0.63,0.37
4464,0.62,0.38
4465,0.6,0.4
4466,0.63,0.37
4467,0.65,0.35
4468,0.63,0.37
4469,0.64,0.36
4470,0.66,0.34
4471,0.63,0.37
4472,0.67,0.33
4473,0.6,0.4
4474,0.65,0.35
4475,0.64,0.36
4476,0.65,0.35
4477,0.66,0.34
4478,0.62,0.38
4479,0.63,0.37
4480,0.68,0.32
4481,0.61,0.39
4482,0.63,0.37
4483,0.6,0.4
4484,0.61,0.39
4485,0.64,0.36
4486,0.61,0.39
4487,0.63,0.37
4488,0.62,0.38
4489,0.62,0.38
4490,0.65,0.35
4491,0.6,0.4
4492,0.62,0.38
4493,0.65,0.35
4494,0.62,0.38
4495,0.61,0.39
4496,0.64,0.36
4497,0.61,0.39
4498,0.66,0.34
4499,0.62,0.38
4500,0.63,0.37
4501,0.66,0.34
4502,0.64,0.36
4503,0.62,0.38
4504,0.62,0.38
4505,0.62,0.38
4506,0.67,0.33
4507,0.65,0.35
4508,0.6,0.4
4509,0.62,0.38
4510,0.64,0.36
4511,0.61,0.39
4512,0.65,0.35
4513,0.64,0.36
4514,0.66,0.34
4515,0.63,0.37
4516,0.66,0.34
4517,0.61,0.39
4518,0.67,0.33
4519,0.61,0.39
4520,0.65,0.35
4521,0.62,0.38
4522,0.61,0.39
4523,0.64,0.36
4524,0.62,0.38
4525,0.65,0.35
4526,0.65,0.35
4527,0.66,0.34
4528,0.64,0.36
4529,0.65,0.35
4530,0.65,0.35
4531,0.65,0.35
4532,0.63,0.37
4533,0.6,0.4
4534,0.61,0.39
4535,0.64,0.36
4536,0.65,0.35
4537,0.66,0.34
4538,0.66,0.34
4539,0.64,0.36
4540,0.61,0.39
4541,0.6,0.4
4542,0.66,0.34
4543,0.63,0.37
4544,0.6,0.4
4545,0.6,0.4
4546,0.65,0.35
4547,0.66,0.34
4548,0.64,0.36
4549,0.61,0.39
4550,0.66,0.34
4551,0.62,0.38
4552,0.66,0.34
4553,0.59,0.41
4554,0.62,0.38
4555,0.62,0.38
4556,0.63,0.37
4557,0.65,0.35
4558,0.6,0.4
4559,0.65,0.35
4560,0.63,0.37
4561,0.61,0.39
4562,0.65,0.35
4563,0.65,0.35
4564,0.63,0.37
4565,0.62,0.38
4566,0.65,0.35
4567,0.63,0.37
4568,0.63,0.37
4569,0.64,0.36
4570,0.64,0.36
4571,0.63,0.37
4572,0.61,0.39
4573,0.64,0.36
4574,0.64,0.36
4575,0.62,0.38
4576,0.63,0.37
4577,0.64,0.36
4578,0.61,0.39
4579,0.63,0.37
4580,0.63,0.37
4581,0.61,0.39
4582,0.63,0.37
4583,0.62,0.38
4584,0.6,0.4
4585,0.65,0.35
4586,0.65,0.35
4587,0.6,0.4
4588,0.67,0.33
4589,0.6,0.4
4590,0.63,0.37
4591,0.63,0.37
4592,0.64,0.36
4593,0.64,0.36
4594,0.61,0.39
4595,0.65,0.35
4596,0.67,0.33
4597,0.61,0.39
4598,0.66,0.34
4599,0.63,0.37
4600,0.61,0.39
4601,0.65,0.35
4602,0.62,0.38
4603,0.6,0.4
4604,0.64,0.36
4605,0.63,0.37
4606,0.65,0.35
4607,0.66,0.34
4608,0.64,0.36
4609,0.65,0.35
4610,0.63,0.37
4611,0.65,0.35
4612,0.64,0.36
4613,0.62,0.38
4614,0.6,0.4
4615,0.65,0.35
4616,0.63,0.37
4617,0.63,0.37
4618,0.6,0.4
4619,0.65,0.35
4620,0.66,0.34
4621,0.67,0.33
4622,0.58,0.42
4623,0.67,0.33
4624,0.65,0.35
4625,0.65,0.35
4626,0.65,0.35
4627,0.63,0.37
4628,0.61,0.39
4629,0.66,0.34
4630,0.62,0.38
4631,0.63,0.37
4632,0.65,0.35
4633,0.63,0.37
4634,0.65,0.35
4635,0.6,0.4
4636,0.63,0.37
4637,0.58,0.42
4638,0.62,0.38
4639,0.59,0.41
4640,0.61,0.39
4641,0.63,0.37
4642,0.65,0.35
4643,0.62,0.38
4644,0.65,0.35
4645,0.59,0.41
4646,0.63,0.37
4647,0.65,0.35
4648,0.63,0.37
4649,0.66,0.34
4650,0.6,0.4
4651,0.6,0.4
4652,0.63,0.37
4653,0.61,0.39
4654,0.65,0.35
4655,0.59,0.41
4656,0.6,0.4
4657,0.63,0.37
4658,0.61,0.39
4659,0.6,0.4
4660,0.67,0.33
4661,0.6,0.4
4662,0.65,0.35
4663,0.61,0.39
4664,0.62,0.38
4665,0.58,0.42
4666,0.62,0.38
4667,0.6,0.4
4668,0.63,0.37
4669,0.65,0.35
4670,0.67,0.33
4671,0.64,0.36
4672,0.64,0.36
4673,0.66,0.34
4674,0.63,0.37
4675,0.6,0.4
4676,0.6,0.4
4677,0.61,0.39
4678,0.6,0.4
4679,0.64,0.36
4680,0.63,0.37
4681,0.62,0.38
4682,0.62,0.38
4683,0.65,0.35
4684,0.6,0.4
4685,0.64,0.36
4686,0.65,0.35
4687,0.64,0.36
4688,0.62,0.38
4689,0.63,0.37
4690,0.66,0.34
4691,0.64,0.36
4692,0.65,0.35
4693,0.66,0.34
4694,0.67,0.33
4695,0.61,0.39
4696,0.6,0.4
4697,0.61,0.39
4698,0.61,0.39
4699,0.63,0.37
4700,0.65,0.35
4701,0.61,0.39
4702,0.62,0.38
4703,0.63,0.37
4704,0.63,0.37
4705,0.61,0.39
4706,0.62,0.38
4707,0.67,0.33
4708,0.61,0.39
4709,0.63,0.37
4710,0.61,0.39
4711,0.67,0.33
4712,0.62,0.38
4713,0.63,0.37
4714,0.65,0.35
4715,0.67,0.33
4716,0.64,0.36
4717,0.68,0.32
4718,0.66,0.34
4719,0.64,0.36
4720,0.66,0.34
4721,0.64,0.36
4722,0.64,0.36
4723,0.61,0.39
4724,0.65,0.35
4725,0.61,0.39
4726,0.61,0.39
4727,0.62,0.38
4728,0.66,0.34
4729,0.64,0.36
4730,0.66,0.34
4731,0.6,0.4
4732,0.61,0.39
4733,0.65,0.35
4734,0.65,0.35
4735,0.64,0.36
4736,0.63,0.37
4737,0.62,0.38
4738,0.6,0.4
4739,0.61,0.39
4740,0.65,0.35
4741,0.63,0.37
4742,0.65,0.35
4743,0.65,0.35
4744,0.6,0.4
4745,0.65,0.35
4746,0.67,0.33
4747,0.58,0.42
4748,0.62,0.38
4749,0.65,0.35
4750,0.63,0.37
4751,0.63,0.37
4752,0.65,0.35
4753,0.68,0.32
4754,0.66,0.34
4755,0.58,0.42
4756,0.64,0.36
4757,0.64,0.36
4758,0.63,0.37
4759,0.64,0.36
4760,0.63,0.37
4761,0.62,0.38
4762,0.62,0.38
4763,0.63,0.37
4764,0.61,0.39
4765,0.61,0.39
4766,0.69,0.31
4767,0.63,0.37
4768,0.61,0.39
4769,0.62,0.38
4770,0.61,0.39
4771,0.65,0.35
4772,0.62,0.38
4773,0.62,0.38
4774,0.64,0.36
4775,0.61,0.39
4776,0.66,0.34
4777,0.62,0.38
4778,0.61,0.39
4779,0.63,0.37
4780,0.61,0.39
4781,0.61,0.39
4782,0.62,0.38
4783,0.65,0.35
4784,0.63,0.37
4785,0.62,0.38
4786,0.67,0.33
4787,0.65,0.35
4788,0.64,0.36
4789,0.63,0.37
4790,0.66,0.34
4791,0.61,0.39
4792,0.66,0.34
4793,0.63,0.37
4794,0.63,0.37
4795,0.63,0.37
4796,0.65,0.35
4797,0.62,0.38
4798,0.64,0.36
4799,0.62,0.38
4800,0.58,0.42
4801,0.66,0.34
4802,0.63,0.37
4803,0.67,0.33
4804,0.61,0.39
4805,0.62,0.38
4806,0.65,0.35
4807,0.64,0.36
4808,0.65,0.35
4809,0.59,0.41
4810,0.65,0.35
4811,0.62,0.38
4812,0.61,0.39
4813,0.59,0.41
4814,0.62,0.38
4815,0.63,0.37
4816,0.65,0.35
4817,0.62,0.38
4818,0.61,0.39
4819,0.61,0.39
4820,0.63,0.37
4821,0.64,0.36
4822,0.67,0.33
4823,0.65,0.35
4824,0.64,0.36
4825,0.64,0.36
4826,0.6,0.4
4827,0.65,0.35
4828,0.63,0.37
4829,0.65,0.35
4830,0.61,0.39
4831,0.65,0.35
4832,0.61,0.39
4833,0.63,0.37
4834,0.65,0.35
4835,0.65,0.35
4836,0.65,0.35
4837,0.64,0.36
4838,0.68,0.32
4839,0.63,0.37
4840,0.61,0.39
4841,0.64,0.36
4842,0.66,0.34
4843,0.66,0.34
4844,0.59,0.41
4845,0.63,0.37
4846,0.63,0.37
4847,0.67,0.33
4848,0.65,0.35
4849,0.63,0.37
4850,0.66,0.34
4851,0.59,0.41
4852,0.62,0.38
4853,0.58,0.42
4854,0.65,0.35
4855,0.62,0.38
4856,0.64,0.36
4857,0.66,0.34
4858,0.63,0.37
4859,0.61,0.39
4860,0.66,0.34
4861,0.61,0.39
4862,0.61,0.39
4863,0.63,0.37
4864,0.61,0.39
4865,0.62,0.38
4866,0.61,0.39
4867,0.63,0.37
4868,0.64,0.36
4869,0.65,0.35
4870,0.64,0.36
4871,0.67,0.33
4872,0.66,0.34
4873,0.65,0.35
4874,0.66,0.34
4875,0.62,0.38
4876,0.65,0.35
4877,0.64,0.36
4878,0.64,0.36
4879,0.66,0.34
4880,0.63,0.37
4881,0.61,0.39
4882,0.66,0.34
4883,0.63,0.37
4884,0.63,0.37
4885,0.67,0.33
4886,0.62,0.38
4887,0.63,0.37
4888,0.6,0.4
4889,0.62,0.38
4890,0.64,0.36
4891,0.62,0.38
4892,0.63,0.37
4893,0.67,0.33
4894,0.65,0.35
4895,0.61,0.39
4896,0.61,0.39
4897,0.65,0.35
4898,0.65,0.35
4899,0.62,0.38
4900,0.62,0.38
4901,0.63,0.37
4902,0.63,0.37
4903,0.65,0.35
4904,0.63,0.37
4905,0.64,0.36
4906,0.64,0.36
4907,0.66,0.34
4908,0.66,0.34
4909,0.61,0.39
4910,0.62,0.38
4911,0.64,0.36
4912,0.65,0.35
4913,0.69,0.31
4914,0.68,0.32
4915,0.61,0.39
4916,0.6,0.4
4917,0.66,0.34
4918,0.62,0.38
4919,0.64,0.36
4920,0.6,0.4
4921,0.59,0.41
4922,0.64,0.36
4923,0.64,0.36
4924,0.64,0.36
4925,0.66,0.34
4926,0.65,0.35
4927,0.62,0.38
4928,0.61,0.39
4929,0.63,0.37
4930,0.63,0.37
4931,0.62,0.38
4932,0.62,0.38
4933,0.64,0.36
4934,0.65,0.35
4935,0.62,0.38
4936,0.64,0.36
4937,0.63,0.37
4938,0.67,0.33
4939,0.66,0.34
4940,0.62,0.38
4941,0.68,0.32
4942,0.65,0.35
4943,0.64,0.36
4944,0.61,0.39
4945,0.61,0.39
4946,0.63,0.37
4947,0.59,0.41
4948,0.61,0.39
4949,0.65,0.35
4950,0.67,0.33
4951,0.65,0.35
4952,0.64,0.36
4953,0.65,0.35
4954,0.64,0.36
4955,0.63,0.37
4956,0.66,0.34
4957,0.65,0.35
4958,0.6,0.4
4959,0.66,0.34
4960,0.62,0.38
4961,0.65,0.35
4962,0.68,0.32
4963,0.62,0.38
4964,0.63,0.37
4965,0.67,0.33
4966,0.64,0.36
4967,0.66,0.34
4968,0.65,0.35
4969,0.65,0.35
4970,0.58,0.42
4971,0.6,0.4
4972,0.66,0.34
4973,0.63,0.37
4974,0.6,0.4
4975,0.63,0.37
4976,0.62,0.38
4977,0.64,0.36
4978,0.64,0.36
4979,0.67,0.33
4980,0.62,0.38
4981,0.64,0.36
4982,0.66,0.34
4983,0.67,0.33
4984,0.64,0.36
4985,0.6,0.4
4986,0.61,0.39
4987,0.64,0.36
4988,0.63,0.37
4989,0.59,0.41
4990,0.63,0.37
4991,0.66,0.34
4992,0.64,0.36
4993,0.65,0.35
4994,0.64,0.36
4995,0.66,0.34
4996,0.63,0.37
4997,0.64,0.36
4998,0.61,0.39
4999,0.62,0.38
5000,0.64,0.36
5001,0.63,0.37
5002,0.66,0.34
5003,0.64,0.36
5004,0.61,0.39
5005,0.65,0.35
5006,0.64,0.36
5007,0.63,0.37
5008,0.61,0.39
5009,0.67,0.33
5010,0.65,0.35
5011,0.57,0.43
5012,0.62,0.38
5013,0.65,0.35
5014,0.61,0.39
5015,0.62,0.38
5016,0.64,0.36
5017,0.65,0.35
5018,0.65,0.35
5019,0.64,0.36
5020,0.64,0.36
5021,0.65,0.35
5022,0.67,0.33
5023,0.64,0.36
5024,0.61,0.39
5025,0.64,0.36
5026,0.63,0.37
5027,0.64,0.36
5028,0.65,0.35
5029,0.65,0.35
5030,0.61,0.39
5031,0.65,0.35
5032,0.65,0.35
5033,0.67,0.33
5034,0.62,0.38
5035,0.62,0.38
5036,0.66,0.34
5037,0.65,0.35
5038,0.62,0.38
5039,0.59,0.41
5040,0.63,0.37
5041,0.63,0.37
5042,0.65,0.35
5043,0.67,0.33
5044,0.61,0.39
5045,0.63,0.37
5046,0.61,0.39
5047,0.66,0.34
5048,0.66,0.34
5049,0.62,0.38
5050,0.63,0.37
5051,0.64,0.36
5052,0.66,0.34
5053,0.66,0.34
5054,0.67,0.33
5055,0.61,0.39
5056,0.64,0.36
5057,0.64,0.36
5058,0.61,0.39
5059,0.62,0.38
5060,0.61,0.39
5061,0.61,0.39
5062,0.63,0.37
5063,0.6,0.4
5064,0.62,0.38
5065,0.66,0.34
5066,0.62,0.38
5067,0.61,0.39
5068,0.61,0.39
5069,0.62,0.38
5070,0.64,0.36
5071,0.66,0.34
5072,0.66,0.34
5073,0.61,0.39
5074,0.64,0.36
5075,0.67,0.33
5076,0.62,0.38
5077,0.63,0.37
5078,0.65,0.35
5079,0.65,0.35
5080,0.65,0.35
5081,0.62,0.38
5082,0.63,0.37
5083,0.62,0.38
5084,0.63,0.37
5085,0.65,0.35
5086,0.63,0.37
5087,0.63,0.37
5088,0.62,0.38
5089,0.6,0.4
5090,0.65,0.35
5091,0.64,0.36
5092,0.64,0.36
5093,0.54,0.46
5094,0.62,0.38
5095,0.65,0.35
5096,0.6,0.4
5097,0.63,0.37
5098,0.6,0.4
5099,0.65,0.35
5100,0.67,0.33
5101,0.67,0.33
5102,0.61,0.39
5103,0.62,0.38
5104,0.63,0.37
5105,0.63,0.37
5106,0.61,0.39
5107,0.57,0.43
5108,0.66,0.34
5109,0.61,0.39
5110,0.6,0.4
5111,0.6,0.4
5112,0.67,0.33
5113,0.64,0.36
5114,0.61,0.39
5115,0.62,0.38
5116,0.61,0.39
5117,0.67,0.33
5118,0.61,0.39
5119,0.61,0.39
5120,0.64,0.36
5121,0.66,0.34
5122,0.62,0.38
5123,0.62,0.38
5124,0.65,0.35
5125,0.64,0.36
5126,0.65,0.35
5127,0.6,0.4
5128,0.62,0.38
5129,0.64,0.36
5130,0.61,0.39
5131,0.61,0.39
5132,0.66,0.34
5133,0.59,0.41
5134,0.64,0.36
5135,0.61,0.39
5136,0.62,0.38
5137,0.64,0.36
5138,0.57,0.43
5139,0.61,0.39
5140,0.63,0.37
5141,0.63,0.37
5142,0.65,0.35
5143,0.61,0.39
5144,0.64,0.36
5145,0.61,0.39
5146,0.68,0.32
5147,0.66,0.34
5148,0.62,0.38
5149,0.63,0.37
5150,0.64,0.36
5151,0.67,0.33
5152,0.67,0.33
5153,0.64,0.36
5154,0.62,0.38
5155,0.62,0.38
5156,0.66,0.34
5157,0.66,0.34
5158,0.62,0.38
5159,0.63,0.37
5160,0.69,0.31
5161,0.61,0.39
5162,0.6,0.4
5163,0.62,0.38
5164,0.62,0.38
5165,0.63,0.37
5166,0.65,0.35
5167,0.64,0.36
5168,0.6,0.4
5169,0.61,0.39
5170,0.58,0.42
5171,0.63,0.37
5172,0.62,0.38
5173,0.64,0.36
5174,0.62,0.38
5175,0.65,0.35
5176,0.61,0.39
5177,0.65,0.35
5178,0.61,0.39
5179,0.62,0.38
5180,0.67,0.33
5181,0.64,0.36
5182,0.61,0.39
5183,0.61,0.39
5184,0.64,0.36
5185,0.58,0.42
5186,0.6,0.4
5187,0.61,0.39
5188,0.64,0.36
5189,0.63,0.37
5190,0.64,0.36
5191,0.63,0.37
5192,0.63,0.37
5193,0.63,0.37
5194,0.65,0.35
5195,0.59,0.41
5196,0.63,0.37
5197,0.62,0.38
5198,0.62,0.38
5199,0.61,0.39
5200,0.61,0.39
5201,0.66,0.34
5202,0.64,0.36
5203,0.62,0.38
5204,0.58,0.42
5205,0.63,0.37
5206,0.61,0.39
5207,0.61,0.39
5208,0.65,0.35
5209,0.62,0.38
5210,0.67,0.33
5211,0.61,0.39
5212,0.66,0.34
5213,0.61,0.39
5214,0.62,0.38
5215,0.64,0.36
5216,0.67,0.33
5217,0.64,0.36
5218,0.63,0.37
5219,0.64,0.36
5220,0.61,0.39
5221,0.63,0.37
5222,0.62,0.38
5223,0.64,0.36
5224,0.63,0.37
5225,0.66,0.34
5226,0.61,0.39
5227,0.63,0.37
5228,0.63,0.37
5229,0.66,0.34
5230,0.65,0.35
5231,0.64,0.36
5232,0.65,0.35
5233,0.61,0.39
5234,0.6,0.4
5235,0.61,0.39
5236,0.63,0.37
5237,0.63,0.37
5238,0.61,0.39
5239,0.6,0.4
5240,0.66,0.34
5241,0.66,0.34
5242,0.63,0.37
5243,0.62,0.38
5244,0.65,0.35
5245,0.58,0.42
5246,0.61,0.39
5247,0.61,0.39
5248,0.63,0.37
5249,0.65,0.35
5250,0.62,0.38
5251,0.65,0.35
5252,0.63,0.37
5253,0.65,0.35
5254,0.67,0.33
5255,0.62,0.38
5256,0.63,0.37
5257,0.62,0.38
5258,0.64,0.36
5259,0.65,0.35
5260,0.64,0.36
5261,0.66,0.34
5262,0.58,0.42
5263,0.64,0.36
5264,0.65,0.35
5265,0.65,0.35
5266,0.61,0.39
5267,0.62,0.38
5268,0.65,0.35
5269,0.64,0.36
5270,0.59,0.41
5271,0.62,0.38
5272,0.64,0.36
5273,0.66,0.34
5274,0.64,0.36
5275,0.65,0.35
5276,0.63,0.37
5277,0.66,0.34
5278,0.61,0.39
5279,0.63,0.37
5280,0.62,0.38
5281,0.64,0.36
5282,0.62,0.38
5283,0.63,0.37
5284,0.61,0.39
5285,0.63,0.37
5286,0.65,0.35
5287,0.6,0.4
5288,0.6,0.4
5289,0.65,0.35
5290,0.61,0.39
5291,0.61,0.39
5292,0.63,0.37
5293,0.57,0.43
5294,0.65,0.35
5295,0.65,0.35
5296,0.64,0.36
5297,0.58,0.42
5298,0.61,0.39
5299,0.67,0.33
5300,0.66,0.34
5301,0.64,0.36
5302,0.59,0.41
5303,0.62,0.38
5304,0.64,0.36
5305,0.59,0.41
5306,0.61,0.39
5307,0.63,0.37
5308,0.65,0.35
5309,0.65,0.35
5310,0.66,0.34
5311,0.65,0.35
5312,0.67,0.33
5313,0.64,0.36
5314,0.62,0.38
5315,0.65,0.35
5316,0.65,0.35
5317,0.62,0.38
5318,0.63,0.37
5319,0.61,0.39
5320,0.64,0.36
5321,0.61,0.39
5322,0.65,0.35
5323,0.63,0.37
5324,0.62,0.38
5325,0.62,0.38
5326,0.61,0.39
5327,0.6,0.4
5328,0.67,0.33
5329,0.62,0.38
5330,0.64,0.36
5331,0.65,0.35
5332,0.61,0.39
5333,0.63,0.37
5334,0.62,0.38
5335,0.62,0.38
5336,0.63,0.37
5337,0.62,0.38
5338,0.62,0.38
5339,0.68,0.32
5340,0.62,0.38
5341,0.64,0.36
5342,0.65,0.35
5343,0.59,0.41
5344,0.63,0.37
5345,0.64,0.36
5346,0.65,0.35
5347,0.65,0.35
5348,0.6,0.4
5349,0.63,0.37
5350,0.65,0.35
5351,0.61,0.39
5352,0.67,0.33
5353,0.65,0.35
5354,0.66,0.34
5355,0.63,0.37
5356,0.65,0.35
5357,0.66,0.34
5358,0.63,0.37
5359,0.64,0.36
5360,0.62,0.38
5361,0.65,0.35
5362,0.65,0.35
5363,0.68,0.32
5364,0.61,0.39
5365,0.68,0.32
5366,0.59,0.41
5367,0.63,0.37
5368,0.61,0.39
5369,0.65,0.35
5370,0.63,0.37
5371,0.65,0.35
5372,0.61,0.39
5373,0.62,0.38
5374,0.62,0.38
5375,0.64,0.36
5376,0.65,0.35
5377,0.62,0.38
5378,0.63,0.37
5379,0.65,0.35
5380,0.65,0.35
5381,0.65,0.35
5382,0.65,0.35
5383,0.67,0.33
5384,0.62,0.38
5385,0.61,0.39
5386,0.6,0.4
5387,0.59,0.41
5388,0.61,0.39
5389,0.6,0.4
5390,0.61,0.39
5391,0.66,0.34
5392,0.62,0.38
5393,0.67,0.33
5394,0.64,0.36
5395,0.64,0.36
5396,0.64,0.36
5397,0.63,0.37
5398,0.65,0.35
5399,0.65,0.35
5400,0.61,0.39
5401,0.63,0.37
5402,0.63,0.37
5403,0.61,0.39
5404,0.63,0.37
5405,0.6,0.4
5406,0.65,0.35
5407,0.68,0.32
5408,0.66,0.34
5409,0.64,0.36
5410,0.64,0.36
5411,0.6,0.4
5412,0.61,0.39
5413,0.61,0.39
5414,0.6,0.4
5415,0.62,0.38
5416,0.64,0.36
5417,0.64,0.36
5418,0.59,0.41
5419,0.66,0.34
5420,0.63,0.37
5421,0.62,0.38
5422,0.63,0.37
5423,0.63,0.37
5424,0.65,0.35
5425,0.61,0.39
5426,0.62,0.38
5427,0.63,0.37
5428,0.61,0.39
5429,0.61,0.39
5430,0.65,0.35
5431,0.57,0.43
5432,0.61,0.39
5433,0.61,0.39
5434,0.66,0.34
5435,0.66,0.34
5436,0.64,0.36
5437,0.65,0.35
5438,0.65,0.35
5439,0.66,0.34
5440,0.64,0.36
5441,0.6,0.4
5442,0.62,0.38
5443,0.61,0.39
5444,0.64,0.36
5445,0.61,0.39
5446,0.64,0.36
5447,0.59,0.41
5448,0.66,0.34
5449,0.62,0.38
5450,0.62,0.38
5451,0.62,0.38
5452,0.61,0.39
5453,0.63,0.37
5454,0.66,0.34
5455,0.65,0.35
5456,0.65,0.35
5457,0.63,0.37
5458,0.65,0.35
5459,0.63,0.37
5460,0.62,0.38
5461,0.66,0.34
5462,0.66,0.34
5463,0.65,0.35
5464,0.66,0.34
5465,0.66,0.34
5466,0.64,0.36
5467,0.65,0.35
5468,0.63,0.37
5469,0.65,0.35
5470,0.67,0.33
5471,0.6,0.4
5472,0.64,0.36
5473,0.62,0.38
5474,0.65,0.35
5475,0.64,0.36
5476,0.61,0.39
5477,0.61,0.39
5478,0.64,0.36
5479,0.62,0.38
5480,0.61,0.39
5481,0.61,0.39
5482,0.63,0.37
5483,0.61,0.39
5484,0.67,0.33
5485,0.62,0.38
5486,0.67,0.33
5487,0.61,0.39
5488,0.59,0.41
5489,0.63,0.37
5490,0.61,0.39
5491,0.61,0.39
5492,0.65,0.35
5493,0.61,0.39
5494,0.63,0.37
5495,0.63,0.37
5496,0.66,0.34
5497,0.63,0.37
5498,0.59,0.41
5499,0.62,0.38
5500,0.62,0.38
5501,0.61,0.39
5502,0.63,0.37
5503,0.6,0.4
5504,0.64,0.36
5505,0.61,0.39
5506,0.67,0.33
5507,0.63,0.37
5508,0.61,0.39
5509,0.65,0.35
5510,0.64,0.36
5511,0.62,0.38
5512,0.61,0.39
5513,0.64,0.36
5514,0.66,0.34
5515,0.63,0.37
5516,0.64,0.36
5517,0.61,0.39
5518,0.61,0.39
5519,0.62,0.38
5520,0.66,0.34
5521,0.61,0.39
5522,0.62,0.38
5523,0.62,0.38
5524,0.66,0.34
5525,0.63,0.37
5526,0.64,0.36
5527,0.6,0.4
5528,0.63,0.37
5529,0.61,0.39
5530,0.63,0.37
5531,0.65,0.35
5532,0.66,0.34
5533,0.61,0.39
5534,0.68,0.32
5535,0.62,0.38
5536,0.61,0.39
5537,0.65,0.35
5538,0.61,0.39
5539,0.64,0.36
5540,0.62,0.38
5541,0.63,0.37
5542,0.63,0.37
5543,0.66,0.34
5544,0.65,0.35
5545,0.61,0.39
5546,0.61,0.39
5547,0.63,0.37
5548,0.6,0.4
5549,0.64,0.36
5550,0.64,0.36
5551,0.62,0.38
5552,0.62,0.38
5553,0.67,0.33
5554,0.62,0.38
5555,0.67,0.33
5556,0.67,0.33
5557,0.62,0.38
5558,0.62,0.38
5559,0.64,0.36
5560,0.61,0.39
5561,0.65,0.35
5562,0.62,0.38
5563,0.65,0.35
5564,0.65,0.35
5565,0.64,0.36
5566,0.65,0.35
5567,0.59,0.41
5568,0.64,0.36
5569,0.62,0.38
5570,0.6,0.4
5571,0.67,0.33
5572,0.63,0.37
5573,0.61,0.39
5574,0.65,0.35
5575,0.65,0.35
5576,0.65,0.35
5577,0.64,0.36
5578,0.65,0.35
5579,0.64,0.36
5580,0.62,0.38
5581,0.62,0.38
5582,0.66,0.34
5583,0.63,0.37
5584,0.63,0.37
5585,0.66,0.34
5586,0.65,0.35
5587,0.62,0.38
5588,0.66,0.34
5589,0.63,0.37
5590,0.64,0.36
5591,0.6,0.4
5592,0.68,0.32
5593,0.62,0.38
5594,0.6,0.4
5595,0.62,0.38
5596,0.62,0.38
5597,0.62,0.38
5598,0.61,0.39
5599,0.64,0.36
5600,0.63,0.37
5601,0.65,0.35
5602,0.64,0.36
5603,0.65,0.35
5604,0.65,0.35
5605,0.62,0.38
5606,0.6,0.4
5607,0.62,0.38
5608,0.61,0.39
5609,0.65,0.35
5610,0.64,0.36
5611,0.65,0.35
5612,0.66,0.34
5613,0.62,0.38
5614,0.64,0.36
5615,0.64,0.36
5616,0.67,0.33
5617,0.66,0.34
5618,0.66,0.34
5619,0.6,0.4
5620,0.62,0.38
5621,0.65,0.35
5622,0.61,0.39
5623,0.66,0.34
5624,0.62,0.38
5625,0.67,0.33
5626,0.65,0.35
5627,0.62,0.38
5628,0.6,0.4
5629,0.63,0.37
5630,0.67,0.33
5631,0.66,0.34
5632,0.62,0.38
5633,0.65,0.35
5634,0.61,0.39
5635,0.62,0.38
5636,0.64,0.36
5637,0.63,0.37
5638,0.66,0.34
5639,0.62,0.38
5640,0.62,0.38
5641,0.63,0.37
5642,0.61,0.39
5643,0.65,0.35
5644,0.68,0.32
5645,0.63,0.37
5646,0.65,0.35
5647,0.61,0.39
5648,0.66,0.34
5649,0.62,0.38
5650,0.62,0.38
5651,0.61,0.39
5652,0.65,0.35
5653,0.62,0.38
5654,0.6,0.4
5655,0.64,0.36
5656,0.63,0.37
5657,0.63,0.37
5658,0.62,0.38
5659,0.64,0.36
5660,0.66,0.34
5661,0.61,0.39
5662,0.61,0.39
5663,0.65,0.35
5664,0.66,0.34
5665,0.61,0.39
5666,0.65,0.35
5667,0.61,0.39
5668,0.66,0.34
5669,0.65,0.35
5670,0.59,0.41
5671,0.66,0.34
5672,0.59,0.41
5673,0.63,0.37
5674,0.62,0.38
5675,0.63,0.37
5676,0.61,0.39
5677,0.66,0.34
5678,0.65,0.35
5679,0.65,0.35
5680,0.62,0.38
5681,0.66,0.34
5682,0.62,0.38
5683,0.63,0.37
5684,0.67,0.33
5685,0.62,0.38
5686,0.61,0.39
5687,0.62,0.38
5688,0.62,0.38
5689,0.64,0.36
5690,0.63,0.37
5691,0.67,0.33
5692,0.65,0.35
5693,0.61,0.39
5694,0.68,0.32
5695,0.63,0.37
5696,0.62,0.38
5697,0.63,0.37
5698,0.61,0.39
5699,0.58,0.42
5700,0.62,0.38
5701,0.62,0.38
5702,0.6,0.4
5703,0.6,0.4
5704,0.64,0.36
5705,0.64,0.36
5706,0.62,0.38
5707,0.68,0.32
5708,0.64,0.36
5709,0.68,0.32
5710,0.65,0.35
5711,0.63,0.37
5712,0.61,0.39
5713,0.61,0.39
5714,0.67,0.33
5715,0.61,0.39
5716,0.67,0.33
5717,0.61,0.39
5718,0.58,0.42
5719,0.63,0.37
5720,0.62,0.38
5721,0.62,0.38
5722,0.65,0.35
5723,0.61,0.39
5724,0.66,0.34
5725,0.61,0.39
5726,0.6,0.4
5727,0.58,0.42
5728,0.63,0.37
5729,0.67,0.33
5730,0.62,0.38
5731,0.62,0.38
5732,0.62,0.38
5733,0.64,0.36
5734,0.67,0.33
5735,0.65,0.35
5736,0.62,0.38
5737,0.65,0.35
5738,0.62,0.38
5739,0.62,0.38
5740,0.62,0.38
5741,0.62,0.38
5742,0.64,0.36
5743,0.6,0.4
5744,0.61,0.39
5745,0.62,0.38
5746,0.61,0.39
5747,0.61,0.39
5748,0.63,0.37
5749,0.63,0.37
5750,0.66,0.34
5751,0.66,0.34
5752,0.67,0.33
5753,0.67,0.33
5754,0.65,0.35
5755,0.65,0.35
5756,0.64,0.36
5757,0.63,0.37
5758,0.64,0.36
5759,0.61,0.39
5760,0.65,0.35
5761,0.66,0.34
5762,0.61,0.39
5763,0.66,0.34
5764,0.65,0.35
5765,0.62,0.38
5766,0.61,0.39
5767,0.61,0.39
5768,0.61,0.39
5769,0.66,0.34
5770,0.65,0.35
5771,0.66,0.34
5772,0.66,0.34
5773,0.62,0.38
5774,0.58,0.42
5775,0.62,0.38
5776,0.62,0.38
5777,0.68,0.32
5778,0.64,0.36
5779,0.63,0.37
5780,0.67,0.33
5781,0.67,0.33
5782,0.65,0.35
5783,0.61,0.39
5784,0.61,0.39
5785,0.67,0.33
5786,0.6,0.4
5787,0.61,0.39
5788,0.65,0.35
5789,0.66,0.34
5790,0.64,0.36
5791,0.63,0.37
5792,0.65,0.35
5793,0.61,0.39
5794,0.63,0.37
5795,0.6,0.4
5796,0.61,0.39
5797,0.6,0.4
5798,0.59,0.41
5799,0.62,0.38
5800,0.62,0.38
5801,0.64,0.36
5802,0.65,0.35
5803,0.66,0.34
5804,0.65,0.35
5805,0.62,0.38
5806,0.6,0.4
5807,0.63,0.37
5808,0.63,0.37
5809,0.62,0.38
5810,0.64,0.36
5811,0.63,0.37
5812,0.68,0.32
5813,0.67,0.33
5814,0.63,0.37
5815,0.64,0.36
5816,0.64,0.36
5817,0.61,0.39
5818,0.6,0.4
5819,0.59,0.41
5820,0.63,0.37
5821,0.62,0.38
5822,0.63,0.37
5823,0.63,0.37
5824,0.62,0.38
5825,0.63,0.37
5826,0.65,0.35
5827,0.65,0.35
5828,0.64,0.36
5829,0.63,0.37
5830,0.62,0.38
5831,0.65,0.35
5832,0.64,0.36
5833,0.61,0.39
5834,0.63,0.37
5835,0.67,0.33
5836,0.59,0.41
5837,0.64,0.36
5838,0.64,0.36
5839,0.61,0.39
5840,0.62,0.38
5841,0.65,0.35
5842,0.67,0.33
5843,0.58,0.42
5844,0.68,0.32
5845,0.63,0.37
5846,0.6,0.4
5847,0.67,0.33
5848,0.64,0.36
5849,0.64,0.36
5850,0.65,0.35
5851,0.62,0.38
5852,0.63,0.37
5853,0.62,0.38
5854,0.6,0.4
5855,0.65,0.35
5856,0.62,0.38
5857,0.62,0.38
5858,0.64,0.36
5859,0.66,0.34
5860,0.68,0.32
5861,0.64,0.36
5862,0.62,0.38
5863,0.64,0.36
5864,0.61,0.39
5865,0.61,0.39
5866,0.64,0.36
5867,0.68,0.32
5868,0.64,0.36
5869,0.64,0.36
5870,0.64,0.36
5871,0.67,0.33
5872,0.61,0.39
5873,0.66,0.34
5874,0.66,0.34
5875,0.66,0.34
5876,0.61,0.39
5877,0.6,0.4
5878,0.62,0.38
5879,0.59,0.41
5880,0.63,0.37
5881,0.65,0.35
5882,0.61,0.39
5883,0.63,0.37
5884,0.66,0.34
5885,0.61,0.39
5886,0.66,0.34
5887,0.63,0.37
5888,0.61,0.39
5889,0.63,0.37
5890,0.64,0.36
5891,0.64,0.36
5892,0.63,0.37
5893,0.65,0.35
5894,0.62,0.38
5895,0.65,0.35
5896,0.65,0.35
5897,0.62,0.38
5898,0.61,0.39
5899,0.61,0.39
5900,0.61,0.39
5901,0.63,0.37
5902,0.65,0.35
